case_type,result,verify_authorize_ms,verify_st_ms,challenge_ms,total_ms
legal,pass,162.82320023,162.11867332,160.16101837,685.22073900
legal,pass,159.40523148,162.11390495,161.04459763,681.60415700
legal,pass,161.34595871,160.87889671,161.07940674,681.42440500
legal,pass,159.97862816,161.06200218,161.28420830,680.88672400
legal,pass,162.28485107,163.96141052,162.97316551,689.22748800
legal,pass,160.18247604,160.69173813,158.28251839,676.59729000
legal,pass,164.61992264,159.75260735,160.10785103,680.08847600
legal,pass,159.02876854,158.76841545,161.76223755,679.62434300
legal,pass,161.98205948,161.57960892,161.84759140,686.24050100
legal,pass,161.56435013,165.19618034,158.10942650,684.64303300
legal,pass,160.73322296,159.92116928,160.29238701,678.09586900
legal,pass,161.11302376,161.71145439,161.75055504,681.21862900
legal,pass,158.45441818,160.06803513,159.07144547,674.38010200
legal,pass,161.17238998,162.03904152,163.16914558,686.98311800
legal,pass,161.62824631,162.76335716,159.53612328,682.51606600
legal,pass,158.48422050,159.10053253,158.11347961,672.19295900
legal,pass,160.23230553,160.00151634,159.58905220,677.04830200
legal,pass,160.88557243,161.07368469,159.27004814,678.91974700
legal,pass,161.42106056,162.70852089,161.40174866,683.89313100
legal,pass,159.90924835,160.97807884,159.52301025,676.89186500
legal,pass,158.46276283,158.93411636,160.84790230,677.13174000
legal,pass,159.62076187,160.47525406,160.05134583,677.81572900
legal,pass,159.19542313,159.81388092,158.88738632,674.48206000
legal,pass,158.78701210,160.57848930,158.78939629,676.92210800
legal,pass,158.50138664,161.27943993,157.63902664,673.73678600
legal,pass,159.60359573,158.76555443,159.07382965,671.11809600
legal,pass,158.67996216,158.96534920,158.44154358,672.56245400
legal,pass,158.94412994,161.24677658,161.02719307,678.50888100
legal,pass,162.15896606,159.33179855,163.60473633,683.64887500
legal,pass,158.96964073,157.78064728,158.40220451,670.75314000
legal,pass,159.52682495,160.02035141,157.21225739,671.28236800
legal,pass,160.25042534,159.03472900,157.87100792,674.32105100
legal,pass,161.74483299,162.70446777,160.08996964,684.98238600
legal,pass,164.22486305,167.22750664,160.76087952,692.08101800
legal,pass,159.38162804,160.48455238,157.62352943,675.99285600
legal,pass,159.60335732,158.31899643,159.88421440,675.79503800
legal,pass,160.47549248,158.78272057,160.23778915,677.44150600
legal,pass,160.70604324,159.82055664,159.25049782,679.40423900
legal,pass,158.29634666,159.24096107,159.32774544,672.42247500
legal,pass,161.08131409,161.86785698,160.67123413,684.08526200
legal,pass,162.38188744,162.39547729,159.75284576,682.14045600
legal,pass,157.26208687,159.28816795,158.63013268,673.75695400
legal,pass,158.64014626,159.76524353,160.51316261,676.10615800
legal,pass,159.64889526,160.35747528,159.69109535,676.96001600
legal,pass,160.58349609,162.33348846,158.26368332,677.80135800
legal,pass,160.26663780,159.44242477,162.01114655,680.90277100
legal,pass,159.85822678,159.74736214,160.56346893,676.25127200
legal,pass,159.76667404,161.45110130,159.18946266,676.93362000
legal,pass,161.21864319,159.08193588,159.68823433,677.63043200
legal,pass,161.58795357,160.32361984,160.47930717,679.65479400
legal,pass,160.15243530,161.41891479,161.98086739,682.89490300
legal,pass,160.55059433,161.36384010,161.88383102,685.02582500
legal,pass,164.29734230,160.82143784,163.05971146,691.36124300
legal,pass,161.62180901,160.95495224,160.90536118,683.49708900
legal,pass,160.52579880,164.75796700,160.67600250,684.50089800
legal,pass,158.97130966,162.25504875,160.33506393,679.80342500
legal,pass,163.10334206,163.29407692,165.04979134,693.25780300
legal,pass,163.70463371,166.01133347,161.29636765,690.75656100
legal,pass,163.39087486,162.87279129,162.75715828,687.85850500
legal,pass,163.39945793,165.17639160,163.95926476,693.73247100
legal,pass,161.22198105,163.10930252,159.32178497,682.58870800
legal,pass,159.92784500,161.48638725,160.34197807,677.33070800
legal,pass,159.46292877,160.74943542,160.64572334,682.61642200
legal,pass,164.56174850,164.41607475,163.87844086,695.17135200
legal,pass,159.22021866,157.92989731,160.27116776,673.49255400
legal,pass,158.60152245,160.03966331,160.15505791,676.99067400
legal,pass,159.12151337,160.36152840,160.10665894,675.39935300
legal,pass,161.73338890,161.24248505,163.68746758,688.41880700
legal,pass,160.74252129,161.60535812,158.53619576,677.31742600
legal,pass,160.44378281,163.05637360,159.59763527,680.17320900
legal,pass,159.31487083,159.68871117,159.16919708,677.48837700
legal,pass,159.37781334,161.10420227,162.96291351,682.35500800
legal,pass,161.44418716,163.93113136,162.99200058,689.17048600
legal,pass,161.12732887,161.10682487,159.34276581,679.04078900
legal,pass,160.03823280,160.16912460,159.14916992,677.19806900
legal,pass,160.99715233,159.17682648,159.60335732,677.65263500
legal,pass,163.42735291,161.95464134,160.22276878,682.07005000
legal,pass,159.78527069,161.76295280,161.27467155,683.82326300
legal,pass,159.06190872,160.22324562,179.84247208,701.38857500
legal,pass,162.62459755,163.02084923,162.23764420,685.63647800
legal,pass,160.70342064,162.74595261,160.97307205,682.73195000
legal,pass,164.42847252,161.93985939,159.54804420,683.91049600
legal,pass,163.62786293,164.52550888,165.40813446,696.04176600
legal,pass,166.02230072,165.06314278,163.40899467,695.54964800
legal,pass,165.18521309,163.33150864,159.90495682,687.54061700
legal,pass,162.32013702,161.81993484,159.88612175,680.81930100
legal,pass,158.64396095,161.09991074,162.46962547,681.04444500
legal,pass,160.24470329,160.21203995,160.72678566,681.21482700
legal,pass,161.91267967,160.67743301,162.33706474,687.40646100
legal,pass,159.20090675,160.13932228,158.73980522,673.21569700
legal,pass,159.20710564,160.39252281,159.34658051,676.12861000
legal,pass,161.61084175,158.87618065,158.95199776,678.51871800
legal,pass,159.19375420,162.77313232,159.56711769,678.78470100
legal,pass,159.55162048,161.10658646,161.18836403,680.18039700
legal,pass,161.72266006,163.84887695,165.92669487,694.05240900
legal,pass,163.66529465,161.00192070,160.10856628,683.57826200
legal,pass,158.42342377,158.13016891,158.76030922,673.20994900
legal,pass,160.37821770,158.76984596,160.54582596,677.91939300
legal,pass,164.27063942,161.86738014,160.05730629,684.64079000
legal,pass,161.16070747,165.57598114,160.12024879,685.41578800
expired,block,0.00000000,0.00000000,0.00000000,161.50440600
expired,block,0.00000000,0.00000000,0.00000000,162.91142800
expired,block,0.00000000,0.00000000,0.00000000,164.65946600
expired,block,0.00000000,0.00000000,0.00000000,162.42909900
expired,block,0.00000000,0.00000000,0.00000000,158.54128600
expired,block,0.00000000,0.00000000,0.00000000,163.47436600
expired,block,0.00000000,0.00000000,0.00000000,164.70724700
expired,block,0.00000000,0.00000000,0.00000000,161.88002100
expired,block,0.00000000,0.00000000,0.00000000,161.81522900
expired,block,0.00000000,0.00000000,0.00000000,161.09261000
expired,block,0.00000000,0.00000000,0.00000000,160.04413700
expired,block,0.00000000,0.00000000,0.00000000,160.91216900
expired,block,0.00000000,0.00000000,0.00000000,161.44956500
expired,block,0.00000000,0.00000000,0.00000000,159.77372600
expired,block,0.00000000,0.00000000,0.00000000,161.84803600
expired,block,0.00000000,0.00000000,0.00000000,161.68160800
expired,block,0.00000000,0.00000000,0.00000000,160.78882600
expired,block,0.00000000,0.00000000,0.00000000,162.12944300
expired,block,0.00000000,0.00000000,0.00000000,161.62639800
expired,block,0.00000000,0.00000000,0.00000000,162.93589500
expired,block,0.00000000,0.00000000,0.00000000,167.01169800
expired,block,0.00000000,0.00000000,0.00000000,166.34948300
expired,block,0.00000000,0.00000000,0.00000000,161.03987100
expired,block,0.00000000,0.00000000,0.00000000,164.22154200
expired,block,0.00000000,0.00000000,0.00000000,160.07750200
expired,block,0.00000000,0.00000000,0.00000000,161.60714700
expired,block,0.00000000,0.00000000,0.00000000,160.11571400
expired,block,0.00000000,0.00000000,0.00000000,159.67621700
expired,block,0.00000000,0.00000000,0.00000000,161.76425400
expired,block,0.00000000,0.00000000,0.00000000,160.54141900
expired,block,0.00000000,0.00000000,0.00000000,160.51438400
expired,block,0.00000000,0.00000000,0.00000000,161.39918200
expired,block,0.00000000,0.00000000,0.00000000,161.43552000
expired,block,0.00000000,0.00000000,0.00000000,161.73659500
expired,block,0.00000000,0.00000000,0.00000000,163.17728900
expired,block,0.00000000,0.00000000,0.00000000,160.99364800
expired,block,0.00000000,0.00000000,0.00000000,163.32694100
expired,block,0.00000000,0.00000000,0.00000000,162.01706100
expired,block,0.00000000,0.00000000,0.00000000,160.35878000
expired,block,0.00000000,0.00000000,0.00000000,162.10185800
expired,block,0.00000000,0.00000000,0.00000000,160.97435000
expired,block,0.00000000,0.00000000,0.00000000,160.06756900
expired,block,0.00000000,0.00000000,0.00000000,161.75453400
expired,block,0.00000000,0.00000000,0.00000000,162.57583100
expired,block,0.00000000,0.00000000,0.00000000,163.66901500
expired,block,0.00000000,0.00000000,0.00000000,164.82192100
expired,block,0.00000000,0.00000000,0.00000000,161.41515100
expired,block,0.00000000,0.00000000,0.00000000,160.96431900
expired,block,0.00000000,0.00000000,0.00000000,161.33006000
expired,block,0.00000000,0.00000000,0.00000000,159.42658100
expired,block,0.00000000,0.00000000,0.00000000,160.31850000
expired,block,0.00000000,0.00000000,0.00000000,159.01349400
expired,block,0.00000000,0.00000000,0.00000000,161.96224400
expired,block,0.00000000,0.00000000,0.00000000,161.02940100
expired,block,0.00000000,0.00000000,0.00000000,162.70984500
expired,block,0.00000000,0.00000000,0.00000000,164.30687200
expired,block,0.00000000,0.00000000,0.00000000,163.27673200
expired,block,0.00000000,0.00000000,0.00000000,162.23292700
expired,block,0.00000000,0.00000000,0.00000000,164.79810100
expired,block,0.00000000,0.00000000,0.00000000,160.51351400
expired,block,0.00000000,0.00000000,0.00000000,161.25195200
expired,block,0.00000000,0.00000000,0.00000000,161.68885100
expired,block,0.00000000,0.00000000,0.00000000,163.33639200
expired,block,0.00000000,0.00000000,0.00000000,165.92730300
expired,block,0.00000000,0.00000000,0.00000000,164.88459800
expired,block,0.00000000,0.00000000,0.00000000,161.46364400
expired,block,0.00000000,0.00000000,0.00000000,162.30516300
expired,block,0.00000000,0.00000000,0.00000000,161.82581600
expired,block,0.00000000,0.00000000,0.00000000,159.03753700
expired,block,0.00000000,0.00000000,0.00000000,161.75025300
expired,block,0.00000000,0.00000000,0.00000000,161.19117600
expired,block,0.00000000,0.00000000,0.00000000,160.98360400
expired,block,0.00000000,0.00000000,0.00000000,160.43773200
expired,block,0.00000000,0.00000000,0.00000000,161.27561100
expired,block,0.00000000,0.00000000,0.00000000,161.81875800
expired,block,0.00000000,0.00000000,0.00000000,158.72993900
expired,block,0.00000000,0.00000000,0.00000000,163.48000400
expired,block,0.00000000,0.00000000,0.00000000,161.56858000
expired,block,0.00000000,0.00000000,0.00000000,164.37696000
expired,block,0.00000000,0.00000000,0.00000000,164.95230400
expired,block,0.00000000,0.00000000,0.00000000,164.33278300
expired,block,0.00000000,0.00000000,0.00000000,166.46592100
expired,block,0.00000000,0.00000000,0.00000000,162.52655500
expired,block,0.00000000,0.00000000,0.00000000,162.12515900
expired,block,0.00000000,0.00000000,0.00000000,161.51199600
expired,block,0.00000000,0.00000000,0.00000000,163.39691300
expired,block,0.00000000,0.00000000,0.00000000,164.56767200
expired,block,0.00000000,0.00000000,0.00000000,161.60561600
expired,block,0.00000000,0.00000000,0.00000000,162.36384600
expired,block,0.00000000,0.00000000,0.00000000,162.45228600
expired,block,0.00000000,0.00000000,0.00000000,160.41139100
expired,block,0.00000000,0.00000000,0.00000000,159.41689700
expired,block,0.00000000,0.00000000,0.00000000,159.97554100
expired,block,0.00000000,0.00000000,0.00000000,163.63323700
expired,block,0.00000000,0.00000000,0.00000000,159.44267600
expired,block,0.00000000,0.00000000,0.00000000,161.07656200
expired,block,0.00000000,0.00000000,0.00000000,159.99334400
expired,block,0.00000000,0.00000000,0.00000000,159.52822000
expired,block,0.00000000,0.00000000,0.00000000,159.72180000
expired,block,0.00000000,0.00000000,0.00000000,162.83468400
replay,block,0.00000000,0.00000000,0.00000000,327.98354000
replay,block,0.00000000,0.00000000,0.00000000,325.44330600
replay,block,0.00000000,0.00000000,0.00000000,324.54409400
replay,block,0.00000000,0.00000000,0.00000000,329.11327300
replay,block,0.00000000,0.00000000,0.00000000,329.38639200
replay,block,0.00000000,0.00000000,0.00000000,328.58973400
replay,block,0.00000000,0.00000000,0.00000000,332.15032100
replay,block,0.00000000,0.00000000,0.00000000,329.68923300
replay,block,0.00000000,0.00000000,0.00000000,328.64077000
replay,block,0.00000000,0.00000000,0.00000000,331.77954600
replay,block,0.00000000,0.00000000,0.00000000,330.14812800
replay,block,0.00000000,0.00000000,0.00000000,324.37483700
replay,block,0.00000000,0.00000000,0.00000000,324.73284600
replay,block,0.00000000,0.00000000,0.00000000,325.90181800
replay,block,0.00000000,0.00000000,0.00000000,327.00785300
replay,block,0.00000000,0.00000000,0.00000000,325.73539900
replay,block,0.00000000,0.00000000,0.00000000,320.40040600
replay,block,0.00000000,0.00000000,0.00000000,320.20302300
replay,block,0.00000000,0.00000000,0.00000000,320.16001100
replay,block,0.00000000,0.00000000,0.00000000,317.96357300
replay,block,0.00000000,0.00000000,0.00000000,319.59885500
replay,block,0.00000000,0.00000000,0.00000000,320.72421900
replay,block,0.00000000,0.00000000,0.00000000,319.44225000
replay,block,0.00000000,0.00000000,0.00000000,319.11141000
replay,block,0.00000000,0.00000000,0.00000000,320.20713600
replay,block,0.00000000,0.00000000,0.00000000,319.50393200
replay,block,0.00000000,0.00000000,0.00000000,319.57316900
replay,block,0.00000000,0.00000000,0.00000000,321.47856700
replay,block,0.00000000,0.00000000,0.00000000,322.52111500
replay,block,0.00000000,0.00000000,0.00000000,322.67847400
replay,block,0.00000000,0.00000000,0.00000000,322.78541200
replay,block,0.00000000,0.00000000,0.00000000,320.00388000
replay,block,0.00000000,0.00000000,0.00000000,320.55562700
replay,block,0.00000000,0.00000000,0.00000000,324.81559300
replay,block,0.00000000,0.00000000,0.00000000,325.26121400
replay,block,0.00000000,0.00000000,0.00000000,323.81378000
replay,block,0.00000000,0.00000000,0.00000000,325.70264400
replay,block,0.00000000,0.00000000,0.00000000,326.57411300
replay,block,0.00000000,0.00000000,0.00000000,329.99425000
replay,block,0.00000000,0.00000000,0.00000000,329.25380300
replay,block,0.00000000,0.00000000,0.00000000,329.36444400
replay,block,0.00000000,0.00000000,0.00000000,332.36907800
replay,block,0.00000000,0.00000000,0.00000000,331.47734100
replay,block,0.00000000,0.00000000,0.00000000,327.48297300
replay,block,0.00000000,0.00000000,0.00000000,327.15663800
replay,block,0.00000000,0.00000000,0.00000000,326.71191100
replay,block,0.00000000,0.00000000,0.00000000,324.14862600
replay,block,0.00000000,0.00000000,0.00000000,326.94666500
replay,block,0.00000000,0.00000000,0.00000000,326.34911400
replay,block,0.00000000,0.00000000,0.00000000,322.85338500
replay,block,0.00000000,0.00000000,0.00000000,330.60861200
replay,block,0.00000000,0.00000000,0.00000000,325.43621100
replay,block,0.00000000,0.00000000,0.00000000,328.10922200
replay,block,0.00000000,0.00000000,0.00000000,328.70604300
replay,block,0.00000000,0.00000000,0.00000000,328.57662300
replay,block,0.00000000,0.00000000,0.00000000,319.89967400
replay,block,0.00000000,0.00000000,0.00000000,319.63218000
replay,block,0.00000000,0.00000000,0.00000000,321.01685600
replay,block,0.00000000,0.00000000,0.00000000,319.62321500
replay,block,0.00000000,0.00000000,0.00000000,321.44530800
replay,block,0.00000000,0.00000000,0.00000000,320.22460500
replay,block,0.00000000,0.00000000,0.00000000,319.87310700
replay,block,0.00000000,0.00000000,0.00000000,319.02324400
replay,block,0.00000000,0.00000000,0.00000000,321.99624400
replay,block,0.00000000,0.00000000,0.00000000,319.46378300
replay,block,0.00000000,0.00000000,0.00000000,320.64667400
replay,block,0.00000000,0.00000000,0.00000000,321.65785100
replay,block,0.00000000,0.00000000,0.00000000,322.01491100
replay,block,0.00000000,0.00000000,0.00000000,322.45016600
replay,block,0.00000000,0.00000000,0.00000000,325.58807700
replay,block,0.00000000,0.00000000,0.00000000,325.05707500
replay,block,0.00000000,0.00000000,0.00000000,325.30017000
replay,block,0.00000000,0.00000000,0.00000000,322.62203200
replay,block,0.00000000,0.00000000,0.00000000,319.86976200
replay,block,0.00000000,0.00000000,0.00000000,319.04252100
replay,block,0.00000000,0.00000000,0.00000000,320.99717300
replay,block,0.00000000,0.00000000,0.00000000,321.95536000
replay,block,0.00000000,0.00000000,0.00000000,321.14776600
replay,block,0.00000000,0.00000000,0.00000000,325.07284000
replay,block,0.00000000,0.00000000,0.00000000,322.48953400
replay,block,0.00000000,0.00000000,0.00000000,323.05360500
replay,block,0.00000000,0.00000000,0.00000000,325.64377000
replay,block,0.00000000,0.00000000,0.00000000,324.35786400
replay,block,0.00000000,0.00000000,0.00000000,325.94957000
replay,block,0.00000000,0.00000000,0.00000000,329.15188200
replay,block,0.00000000,0.00000000,0.00000000,328.42062000
replay,block,0.00000000,0.00000000,0.00000000,333.76998200
replay,block,0.00000000,0.00000000,0.00000000,329.16102700
replay,block,0.00000000,0.00000000,0.00000000,326.12686500
replay,block,0.00000000,0.00000000,0.00000000,326.35008900
replay,block,0.00000000,0.00000000,0.00000000,323.69923600
replay,block,0.00000000,0.00000000,0.00000000,321.86569800
replay,block,0.00000000,0.00000000,0.00000000,328.74270500
replay,block,0.00000000,0.00000000,0.00000000,327.56023800
replay,block,0.00000000,0.00000000,0.00000000,326.24703500
replay,block,0.00000000,0.00000000,0.00000000,320.82932500
replay,block,0.00000000,0.00000000,0.00000000,321.99798000
replay,block,0.00000000,0.00000000,0.00000000,319.99507100
replay,block,0.00000000,0.00000000,0.00000000,320.87640100
forged_auth,block,0.00000000,0.00000000,0.00000000,322.27872800
forged_auth,block,0.00000000,0.00000000,0.00000000,321.79992500
forged_auth,block,0.00000000,0.00000000,0.00000000,319.73972800
forged_auth,block,0.00000000,0.00000000,0.00000000,322.96605300
forged_auth,block,0.00000000,0.00000000,0.00000000,323.35074300
forged_auth,block,0.00000000,0.00000000,0.00000000,320.49870300
forged_auth,block,0.00000000,0.00000000,0.00000000,321.38864100
forged_auth,block,0.00000000,0.00000000,0.00000000,327.56068800
forged_auth,block,0.00000000,0.00000000,0.00000000,328.15082000
forged_auth,block,0.00000000,0.00000000,0.00000000,324.79789300
forged_auth,block,0.00000000,0.00000000,0.00000000,324.79312500
forged_auth,block,0.00000000,0.00000000,0.00000000,325.95855400
forged_auth,block,0.00000000,0.00000000,0.00000000,321.17440800
forged_auth,block,0.00000000,0.00000000,0.00000000,318.46553200
forged_auth,block,0.00000000,0.00000000,0.00000000,321.79170800
forged_auth,block,0.00000000,0.00000000,0.00000000,319.54295300
forged_auth,block,0.00000000,0.00000000,0.00000000,324.42744000
forged_auth,block,0.00000000,0.00000000,0.00000000,323.46342700
forged_auth,block,0.00000000,0.00000000,0.00000000,326.10617900
forged_auth,block,0.00000000,0.00000000,0.00000000,326.13663100
forged_auth,block,0.00000000,0.00000000,0.00000000,323.94583200
forged_auth,block,0.00000000,0.00000000,0.00000000,323.51423700
forged_auth,block,0.00000000,0.00000000,0.00000000,318.86359600
forged_auth,block,0.00000000,0.00000000,0.00000000,323.69512500
forged_auth,block,0.00000000,0.00000000,0.00000000,322.46846600
forged_auth,block,0.00000000,0.00000000,0.00000000,323.23985200
forged_auth,block,0.00000000,0.00000000,0.00000000,319.85135900
forged_auth,block,0.00000000,0.00000000,0.00000000,317.39085800
forged_auth,block,0.00000000,0.00000000,0.00000000,319.49581200
forged_auth,block,0.00000000,0.00000000,0.00000000,324.39056000
forged_auth,block,0.00000000,0.00000000,0.00000000,324.25990100
forged_auth,block,0.00000000,0.00000000,0.00000000,323.23978700
forged_auth,block,0.00000000,0.00000000,0.00000000,318.53984100
forged_auth,block,0.00000000,0.00000000,0.00000000,319.78727600
forged_auth,block,0.00000000,0.00000000,0.00000000,319.96459900
forged_auth,block,0.00000000,0.00000000,0.00000000,320.22619600
forged_auth,block,0.00000000,0.00000000,0.00000000,328.48238400
forged_auth,block,0.00000000,0.00000000,0.00000000,324.80825200
forged_auth,block,0.00000000,0.00000000,0.00000000,325.57272500
forged_auth,block,0.00000000,0.00000000,0.00000000,321.24674300
forged_auth,block,0.00000000,0.00000000,0.00000000,338.93931600
forged_auth,block,0.00000000,0.00000000,0.00000000,324.63238900
forged_auth,block,0.00000000,0.00000000,0.00000000,322.70652000
forged_auth,block,0.00000000,0.00000000,0.00000000,319.47845400
forged_auth,block,0.00000000,0.00000000,0.00000000,318.73440100
forged_auth,block,0.00000000,0.00000000,0.00000000,323.62038400
forged_auth,block,0.00000000,0.00000000,0.00000000,328.27452800
forged_auth,block,0.00000000,0.00000000,0.00000000,324.11491400
forged_auth,block,0.00000000,0.00000000,0.00000000,316.83437300
forged_auth,block,0.00000000,0.00000000,0.00000000,314.02610100
forged_auth,block,0.00000000,0.00000000,0.00000000,319.15736600
forged_auth,block,0.00000000,0.00000000,0.00000000,319.64200800
forged_auth,block,0.00000000,0.00000000,0.00000000,322.95944500
forged_auth,block,0.00000000,0.00000000,0.00000000,316.45891200
forged_auth,block,0.00000000,0.00000000,0.00000000,318.90420600
forged_auth,block,0.00000000,0.00000000,0.00000000,320.87011200
forged_auth,block,0.00000000,0.00000000,0.00000000,317.43808200
forged_auth,block,0.00000000,0.00000000,0.00000000,317.02329600
forged_auth,block,0.00000000,0.00000000,0.00000000,319.01331300
forged_auth,block,0.00000000,0.00000000,0.00000000,320.95119700
forged_auth,block,0.00000000,0.00000000,0.00000000,320.41820300
forged_auth,block,0.00000000,0.00000000,0.00000000,319.52511400
forged_auth,block,0.00000000,0.00000000,0.00000000,325.91815300
forged_auth,block,0.00000000,0.00000000,0.00000000,322.34713000
forged_auth,block,0.00000000,0.00000000,0.00000000,324.68250600
forged_auth,block,0.00000000,0.00000000,0.00000000,327.54789000
forged_auth,block,0.00000000,0.00000000,0.00000000,321.78048100
forged_auth,block,0.00000000,0.00000000,0.00000000,321.81181800
forged_auth,block,0.00000000,0.00000000,0.00000000,328.25177400
forged_auth,block,0.00000000,0.00000000,0.00000000,319.42810400
forged_auth,block,0.00000000,0.00000000,0.00000000,320.58042200
forged_auth,block,0.00000000,0.00000000,0.00000000,321.09249700
forged_auth,block,0.00000000,0.00000000,0.00000000,327.29444700
forged_auth,block,0.00000000,0.00000000,0.00000000,319.59398100
forged_auth,block,0.00000000,0.00000000,0.00000000,320.42989500
forged_auth,block,0.00000000,0.00000000,0.00000000,317.89297800
forged_auth,block,0.00000000,0.00000000,0.00000000,322.21706700
forged_auth,block,0.00000000,0.00000000,0.00000000,320.18781400
forged_auth,block,0.00000000,0.00000000,0.00000000,323.86841000
forged_auth,block,0.00000000,0.00000000,0.00000000,322.39384600
forged_auth,block,0.00000000,0.00000000,0.00000000,321.69337000
forged_auth,block,0.00000000,0.00000000,0.00000000,326.19444200
forged_auth,block,0.00000000,0.00000000,0.00000000,321.66111200
forged_auth,block,0.00000000,0.00000000,0.00000000,322.31536400
forged_auth,block,0.00000000,0.00000000,0.00000000,324.78467600
forged_auth,block,0.00000000,0.00000000,0.00000000,321.19714900
forged_auth,block,0.00000000,0.00000000,0.00000000,321.55727900
forged_auth,block,0.00000000,0.00000000,0.00000000,318.01745700
forged_auth,block,0.00000000,0.00000000,0.00000000,318.89203700
forged_auth,block,0.00000000,0.00000000,0.00000000,317.93396800
forged_auth,block,0.00000000,0.00000000,0.00000000,319.07685900
forged_auth,block,0.00000000,0.00000000,0.00000000,325.18505900
forged_auth,block,0.00000000,0.00000000,0.00000000,325.23656800
forged_auth,block,0.00000000,0.00000000,0.00000000,327.29895400
forged_auth,block,0.00000000,0.00000000,0.00000000,328.35987600
forged_auth,block,0.00000000,0.00000000,0.00000000,321.13731600
forged_auth,block,0.00000000,0.00000000,0.00000000,320.87553000
forged_auth,block,0.00000000,0.00000000,0.00000000,323.65767600
forged_auth,block,0.00000000,0.00000000,0.00000000,323.16191800
forged_auth,block,0.00000000,0.00000000,0.00000000,325.76567900
tampered_st,block,0.00000000,0.00000000,0.00000000,487.10163300
tampered_st,block,0.00000000,0.00000000,0.00000000,487.95572200
tampered_st,block,0.00000000,0.00000000,0.00000000,486.55696900
tampered_st,block,0.00000000,0.00000000,0.00000000,486.14965100
tampered_st,block,0.00000000,0.00000000,0.00000000,528.83580200
tampered_st,block,0.00000000,0.00000000,0.00000000,2110.69412000
tampered_st,block,0.00000000,0.00000000,0.00000000,538.11044500
tampered_st,block,0.00000000,0.00000000,0.00000000,491.09878800
tampered_st,block,0.00000000,0.00000000,0.00000000,481.44456800
tampered_st,block,0.00000000,0.00000000,0.00000000,530.55172800
tampered_st,block,0.00000000,0.00000000,0.00000000,521.12914400
tampered_st,block,0.00000000,0.00000000,0.00000000,508.02141300
tampered_st,block,0.00000000,0.00000000,0.00000000,505.31265400
tampered_st,block,0.00000000,0.00000000,0.00000000,499.66834100
tampered_st,block,0.00000000,0.00000000,0.00000000,504.81109000
tampered_st,block,0.00000000,0.00000000,0.00000000,495.97902700
tampered_st,block,0.00000000,0.00000000,0.00000000,496.59812600
tampered_st,block,0.00000000,0.00000000,0.00000000,514.60194300
tampered_st,block,0.00000000,0.00000000,0.00000000,513.25931600
tampered_st,block,0.00000000,0.00000000,0.00000000,503.96251500
tampered_st,block,0.00000000,0.00000000,0.00000000,500.66773500
tampered_st,block,0.00000000,0.00000000,0.00000000,504.69184600
tampered_st,block,0.00000000,0.00000000,0.00000000,525.95366700
tampered_st,block,0.00000000,0.00000000,0.00000000,516.66746300
tampered_st,block,0.00000000,0.00000000,0.00000000,519.70946100
tampered_st,block,0.00000000,0.00000000,0.00000000,504.63122400
tampered_st,block,0.00000000,0.00000000,0.00000000,511.05146500
tampered_st,block,0.00000000,0.00000000,0.00000000,499.88291900
tampered_st,block,0.00000000,0.00000000,0.00000000,523.45186300
tampered_st,block,0.00000000,0.00000000,0.00000000,496.18028400
tampered_st,block,0.00000000,0.00000000,0.00000000,495.27398600
tampered_st,block,0.00000000,0.00000000,0.00000000,533.73315700
tampered_st,block,0.00000000,0.00000000,0.00000000,514.20653200
tampered_st,block,0.00000000,0.00000000,0.00000000,530.40673400
tampered_st,block,0.00000000,0.00000000,0.00000000,515.70675200
tampered_st,block,0.00000000,0.00000000,0.00000000,499.25377900
tampered_st,block,0.00000000,0.00000000,0.00000000,500.58685900
tampered_st,block,0.00000000,0.00000000,0.00000000,507.73111100
tampered_st,block,0.00000000,0.00000000,0.00000000,520.80042400
tampered_st,block,0.00000000,0.00000000,0.00000000,509.72624700
tampered_st,block,0.00000000,0.00000000,0.00000000,519.29462200
tampered_st,block,0.00000000,0.00000000,0.00000000,506.28232100
tampered_st,block,0.00000000,0.00000000,0.00000000,503.17886400
tampered_st,block,0.00000000,0.00000000,0.00000000,521.22410600
tampered_st,block,0.00000000,0.00000000,0.00000000,536.82920000
tampered_st,block,0.00000000,0.00000000,0.00000000,520.49123000
tampered_st,block,0.00000000,0.00000000,0.00000000,520.31349400
tampered_st,block,0.00000000,0.00000000,0.00000000,529.04769300
tampered_st,block,0.00000000,0.00000000,0.00000000,509.08761200
tampered_st,block,0.00000000,0.00000000,0.00000000,518.07168900
tampered_st,block,0.00000000,0.00000000,0.00000000,504.53480800
tampered_st,block,0.00000000,0.00000000,0.00000000,504.71390700
tampered_st,block,0.00000000,0.00000000,0.00000000,503.31295600
tampered_st,block,0.00000000,0.00000000,0.00000000,501.12133200
tampered_st,block,0.00000000,0.00000000,0.00000000,516.52663400
tampered_st,block,0.00000000,0.00000000,0.00000000,514.91338200
tampered_st,block,0.00000000,0.00000000,0.00000000,502.93025900
tampered_st,block,0.00000000,0.00000000,0.00000000,488.48389700
tampered_st,block,0.00000000,0.00000000,0.00000000,495.33396900
tampered_st,block,0.00000000,0.00000000,0.00000000,508.93990400
tampered_st,block,0.00000000,0.00000000,0.00000000,499.86664200
tampered_st,block,0.00000000,0.00000000,0.00000000,508.83144700
tampered_st,block,0.00000000,0.00000000,0.00000000,515.72320100
tampered_st,block,0.00000000,0.00000000,0.00000000,504.94615800
tampered_st,block,0.00000000,0.00000000,0.00000000,497.44368200
tampered_st,block,0.00000000,0.00000000,0.00000000,501.68724500
tampered_st,block,0.00000000,0.00000000,0.00000000,494.76267300
tampered_st,block,0.00000000,0.00000000,0.00000000,488.34039500
tampered_st,block,0.00000000,0.00000000,0.00000000,492.37365300
tampered_st,block,0.00000000,0.00000000,0.00000000,491.62992000
tampered_st,block,0.00000000,0.00000000,0.00000000,501.58066700
tampered_st,block,0.00000000,0.00000000,0.00000000,506.10593000
tampered_st,block,0.00000000,0.00000000,0.00000000,497.52355800
tampered_st,block,0.00000000,0.00000000,0.00000000,496.94843100
tampered_st,block,0.00000000,0.00000000,0.00000000,498.95486400
tampered_st,block,0.00000000,0.00000000,0.00000000,505.95293200
tampered_st,block,0.00000000,0.00000000,0.00000000,511.04787300
tampered_st,block,0.00000000,0.00000000,0.00000000,495.71168600
tampered_st,block,0.00000000,0.00000000,0.00000000,516.15302500
tampered_st,block,0.00000000,0.00000000,0.00000000,502.20610100
tampered_st,block,0.00000000,0.00000000,0.00000000,502.41138300
tampered_st,block,0.00000000,0.00000000,0.00000000,512.83016800
tampered_st,block,0.00000000,0.00000000,0.00000000,513.62496500
tampered_st,block,0.00000000,0.00000000,0.00000000,510.77748200
tampered_st,block,0.00000000,0.00000000,0.00000000,500.22617300
tampered_st,block,0.00000000,0.00000000,0.00000000,494.44125100
tampered_st,block,0.00000000,0.00000000,0.00000000,516.85790500
tampered_st,block,0.00000000,0.00000000,0.00000000,504.99441300
tampered_st,block,0.00000000,0.00000000,0.00000000,500.84633500
tampered_st,block,0.00000000,0.00000000,0.00000000,502.06340200
tampered_st,block,0.00000000,0.00000000,0.00000000,498.17282800
tampered_st,block,0.00000000,0.00000000,0.00000000,494.27876700
tampered_st,block,0.00000000,0.00000000,0.00000000,507.49567500
tampered_st,block,0.00000000,0.00000000,0.00000000,528.94698500
tampered_st,block,0.00000000,0.00000000,0.00000000,509.60560100
tampered_st,block,0.00000000,0.00000000,0.00000000,522.30248300
tampered_st,block,0.00000000,0.00000000,0.00000000,516.18189500
tampered_st,block,0.00000000,0.00000000,0.00000000,509.44428400
tampered_st,block,0.00000000,0.00000000,0.00000000,512.09765000
tampered_st,block,0.00000000,0.00000000,0.00000000,506.48670300
did_spoofing,block,182.57689476,180.61017990,0,339.58873100
did_spoofing,block,173.43997955,174.46255684,0,340.44135600
did_spoofing,block,173.43926430,175.33683777,0,346.31020900
did_spoofing,block,174.21698570,169.41165924,0,344.93963300
did_spoofing,block,176.28693581,175.33493042,0,341.29368800
did_spoofing,block,183.48860741,180.60660362,0,346.04690100
did_spoofing,block,169.08192635,167.58728027,0,354.65745700
did_spoofing,block,171.38957977,171.77438736,0,336.55479000
did_spoofing,block,168.80226135,165.73381424,0,327.03981700
did_spoofing,block,167.29927063,163.73801231,0,333.99290900
did_spoofing,block,172.31178284,171.84758186,0,336.20923200
did_spoofing,block,171.60463333,168.72382164,0,335.40342900
did_spoofing,block,172.47533798,172.75619507,0,336.45419700
did_spoofing,block,163.10524940,163.33174706,0,327.55599900
did_spoofing,block,165.85803032,165.90332985,0,331.27717200
did_spoofing,block,162.27769852,164.72315788,0,326.21323400
did_spoofing,block,165.57574272,169.07143593,0,329.92868600
did_spoofing,block,168.21837425,170.55821419,0,333.42116300
did_spoofing,block,168.19000244,164.97969627,0,331.86969000
did_spoofing,block,168.25032234,165.62438011,0,335.24852900
did_spoofing,block,169.79312897,171.46277428,0,338.81229200
did_spoofing,block,166.31340981,165.18902779,0,334.10253600
did_spoofing,block,171.25535011,170.14741898,0,337.28267600
did_spoofing,block,176.04136467,164.96968269,0,341.92748100
did_spoofing,block,174.50809479,169.29483414,0,336.05600400
did_spoofing,block,179.46267128,172.28341103,0,338.29507400
did_spoofing,block,171.37336731,166.26930237,0,327.51664800
did_spoofing,block,163.72156143,165.02594948,0,325.63107100
did_spoofing,block,162.12248802,163.88058662,0,332.00906400
did_spoofing,block,169.50249672,171.49686813,0,335.78815200
did_spoofing,block,170.69864273,171.55909538,0,337.40692000
did_spoofing,block,168.86782646,170.44758797,0,326.93961400
did_spoofing,block,164.90960121,165.37594795,0,327.64116500
did_spoofing,block,166.28384590,169.98481750,0,332.94026900
did_spoofing,block,164.14475441,166.88704491,0,327.42374800
did_spoofing,block,168.65015030,170.10521889,0,342.55875800
did_spoofing,block,166.69034958,169.60835457,0,336.53306800
did_spoofing,block,169.99363899,170.94922066,0,334.51573700
did_spoofing,block,167.86289215,167.47975349,0,335.19764100
did_spoofing,block,167.37461090,169.58475113,0,336.16254100
did_spoofing,block,165.48800468,164.80159760,0,323.70375400
did_spoofing,block,161.89885139,162.64081001,0,334.79330300
did_spoofing,block,168.22719574,168.44367981,0,338.79605200
did_spoofing,block,170.15099525,170.70388794,0,342.82580900
did_spoofing,block,169.82603073,171.26560211,0,346.67753900
did_spoofing,block,169.16179657,164.76774216,0,334.03792100
did_spoofing,block,165.45152664,164.06607628,0,328.35615500
did_spoofing,block,164.68882561,168.60818863,0,347.25732400
did_spoofing,block,172.25980759,171.54216766,0,341.88267600
did_spoofing,block,168.85805130,170.99523544,0,345.54378700
did_spoofing,block,171.19407654,178.24697495,0,346.61895000
did_spoofing,block,171.88215256,166.33343697,0,334.47159800
did_spoofing,block,171.21815681,170.33171654,0,348.80895300
did_spoofing,block,175.06957054,171.92864418,0,340.20034200
did_spoofing,block,163.00058365,164.48426247,0,323.72886800
did_spoofing,block,165.49062729,168.25866699,0,335.57437300
did_spoofing,block,171.85616493,175.82774162,0,342.71666600
did_spoofing,block,173.59805107,165.20977020,0,338.80709700
did_spoofing,block,173.09880257,174.81398582,0,336.54844100
did_spoofing,block,164.52240944,164.30187225,0,331.18283500
did_spoofing,block,166.06974602,165.96007347,0,333.37223300
did_spoofing,block,170.48239708,167.69146919,0,331.82630800
did_spoofing,block,164.07060623,164.97206688,0,336.37856100
did_spoofing,block,171.66972160,170.56989670,0,326.37716900
did_spoofing,block,163.27619553,164.33596611,0,325.72650600
did_spoofing,block,164.93701935,165.39120674,0,331.96876100
did_spoofing,block,168.42985153,166.53251648,0,327.33223500
did_spoofing,block,165.38429260,164.09921646,0,325.72039700
did_spoofing,block,165.59481621,163.99669647,0,326.35487200
did_spoofing,block,166.38469696,167.01579094,0,331.70700900
did_spoofing,block,165.30919075,167.16623306,0,326.23033700
did_spoofing,block,161.32855415,164.66617584,0,326.30548000
did_spoofing,block,163.21539879,165.06338120,0,322.73507000
did_spoofing,block,162.95504570,164.36076164,0,327.67449000
did_spoofing,block,164.91746902,161.39054298,0,330.23551800
did_spoofing,block,164.68167305,162.40239143,0,324.70011600
did_spoofing,block,161.98253632,161.90719604,0,325.75269900
did_spoofing,block,161.20839119,161.39650345,0,324.29815000
did_spoofing,block,162.44482994,163.31362724,0,328.95532200
did_spoofing,block,167.41728783,166.67175293,0,333.19131800
did_spoofing,block,165.82894325,162.12248802,0,328.57490500
did_spoofing,block,162.04047203,162.94097900,0,323.93484200
did_spoofing,block,163.13767433,161.54694557,0,316.49857700
did_spoofing,block,163.89799118,163.02108765,0,326.37378000
did_spoofing,block,162.83035278,160.99834442,0,322.30687900
did_spoofing,block,165.96245766,166.67842865,0,334.54681300
did_spoofing,block,164.10303116,167.35315323,0,329.33145000
did_spoofing,block,164.93248940,165.80557823,0,334.62544900
did_spoofing,block,167.67358780,166.15056992,0,329.45160700
did_spoofing,block,170.96829414,168.36857796,0,334.00376500
did_spoofing,block,164.83330727,172.29938507,0,331.33056700
did_spoofing,block,168.61128807,165.93742371,0,326.44035000
did_spoofing,block,163.98334503,163.95783424,0,326.55836900
did_spoofing,block,164.74556923,165.90881348,0,326.55504700
did_spoofing,block,166.45359993,166.49961472,0,323.37401000
did_spoofing,block,162.53757477,164.32690620,0,333.94962100
did_spoofing,block,163.41042519,169.69180107,0,330.51941800
did_spoofing,block,162.28485107,162.12129593,0,331.58860400
did_spoofing,block,167.34933853,166.01848602,0,327.65645500
did_spoofing,block,163.00439835,163.56158257,0,328.61892900
unbound,block,0.00000000,0.00000000,0.00000000,332.97170700
unbound,block,0.00000000,0.00000000,0.00000000,325.39122600
unbound,block,0.00000000,0.00000000,0.00000000,324.40864500
unbound,block,0.00000000,0.00000000,0.00000000,325.48571300
unbound,block,0.00000000,0.00000000,0.00000000,333.97903100
unbound,block,0.00000000,0.00000000,0.00000000,325.86356300
unbound,block,0.00000000,0.00000000,0.00000000,327.47000000
unbound,block,0.00000000,0.00000000,0.00000000,322.51874000
unbound,block,0.00000000,0.00000000,0.00000000,328.46448000
unbound,block,0.00000000,0.00000000,0.00000000,323.67824900
unbound,block,0.00000000,0.00000000,0.00000000,329.20796800
unbound,block,0.00000000,0.00000000,0.00000000,323.24171900
unbound,block,0.00000000,0.00000000,0.00000000,329.45929100
unbound,block,0.00000000,0.00000000,0.00000000,323.24864200
unbound,block,0.00000000,0.00000000,0.00000000,328.99594400
unbound,block,0.00000000,0.00000000,0.00000000,343.29335900
unbound,block,0.00000000,0.00000000,0.00000000,330.36909900
unbound,block,0.00000000,0.00000000,0.00000000,336.84441600
unbound,block,0.00000000,0.00000000,0.00000000,337.14802100
unbound,block,0.00000000,0.00000000,0.00000000,331.52194100
unbound,block,0.00000000,0.00000000,0.00000000,329.17621800
unbound,block,0.00000000,0.00000000,0.00000000,333.17012000
unbound,block,0.00000000,0.00000000,0.00000000,335.65762700
unbound,block,0.00000000,0.00000000,0.00000000,340.17553800
unbound,block,0.00000000,0.00000000,0.00000000,334.20566800
unbound,block,0.00000000,0.00000000,0.00000000,334.16825700
unbound,block,0.00000000,0.00000000,0.00000000,324.40788100
unbound,block,0.00000000,0.00000000,0.00000000,330.71496200
unbound,block,0.00000000,0.00000000,0.00000000,324.00597100
unbound,block,0.00000000,0.00000000,0.00000000,323.18630700
unbound,block,0.00000000,0.00000000,0.00000000,324.56416800
unbound,block,0.00000000,0.00000000,0.00000000,333.39453000
unbound,block,0.00000000,0.00000000,0.00000000,330.73823900
unbound,block,0.00000000,0.00000000,0.00000000,330.46187700
unbound,block,0.00000000,0.00000000,0.00000000,329.43849100
unbound,block,0.00000000,0.00000000,0.00000000,325.63335200
unbound,block,0.00000000,0.00000000,0.00000000,320.86117900
unbound,block,0.00000000,0.00000000,0.00000000,327.83340500
unbound,block,0.00000000,0.00000000,0.00000000,325.53860200
unbound,block,0.00000000,0.00000000,0.00000000,323.80045200
unbound,block,0.00000000,0.00000000,0.00000000,324.97164700
unbound,block,0.00000000,0.00000000,0.00000000,326.22784500
unbound,block,0.00000000,0.00000000,0.00000000,327.51066400
unbound,block,0.00000000,0.00000000,0.00000000,325.08856700
unbound,block,0.00000000,0.00000000,0.00000000,327.76013900
unbound,block,0.00000000,0.00000000,0.00000000,325.39855600
unbound,block,0.00000000,0.00000000,0.00000000,330.74401800
unbound,block,0.00000000,0.00000000,0.00000000,332.62094100
unbound,block,0.00000000,0.00000000,0.00000000,333.78214300
unbound,block,0.00000000,0.00000000,0.00000000,333.26653600
unbound,block,0.00000000,0.00000000,0.00000000,336.18357300
unbound,block,0.00000000,0.00000000,0.00000000,337.69837000
unbound,block,0.00000000,0.00000000,0.00000000,335.57936000
unbound,block,0.00000000,0.00000000,0.00000000,332.72115600
unbound,block,0.00000000,0.00000000,0.00000000,339.85788200
unbound,block,0.00000000,0.00000000,0.00000000,340.92569300
unbound,block,0.00000000,0.00000000,0.00000000,340.20662200
unbound,block,0.00000000,0.00000000,0.00000000,345.10107200
unbound,block,0.00000000,0.00000000,0.00000000,334.34729100
unbound,block,0.00000000,0.00000000,0.00000000,330.65961100
unbound,block,0.00000000,0.00000000,0.00000000,331.93757700
unbound,block,0.00000000,0.00000000,0.00000000,336.20568900
unbound,block,0.00000000,0.00000000,0.00000000,327.17167500
unbound,block,0.00000000,0.00000000,0.00000000,331.13175700
unbound,block,0.00000000,0.00000000,0.00000000,330.73732700
unbound,block,0.00000000,0.00000000,0.00000000,329.23649100
unbound,block,0.00000000,0.00000000,0.00000000,333.23237100
unbound,block,0.00000000,0.00000000,0.00000000,336.32980200
unbound,block,0.00000000,0.00000000,0.00000000,337.24628500
unbound,block,0.00000000,0.00000000,0.00000000,336.74070400
unbound,block,0.00000000,0.00000000,0.00000000,340.49304400
unbound,block,0.00000000,0.00000000,0.00000000,334.30644200
unbound,block,0.00000000,0.00000000,0.00000000,331.63908800
unbound,block,0.00000000,0.00000000,0.00000000,332.38163000
unbound,block,0.00000000,0.00000000,0.00000000,332.85386600
unbound,block,0.00000000,0.00000000,0.00000000,325.46925800
unbound,block,0.00000000,0.00000000,0.00000000,330.75450900
unbound,block,0.00000000,0.00000000,0.00000000,327.88685700
unbound,block,0.00000000,0.00000000,0.00000000,328.25832700
unbound,block,0.00000000,0.00000000,0.00000000,331.44136800
unbound,block,0.00000000,0.00000000,0.00000000,331.61020100
unbound,block,0.00000000,0.00000000,0.00000000,335.72975000
unbound,block,0.00000000,0.00000000,0.00000000,329.78871300
unbound,block,0.00000000,0.00000000,0.00000000,333.15760100
unbound,block,0.00000000,0.00000000,0.00000000,337.35779400
unbound,block,0.00000000,0.00000000,0.00000000,343.08489400
unbound,block,0.00000000,0.00000000,0.00000000,330.84307600
unbound,block,0.00000000,0.00000000,0.00000000,330.19103100
unbound,block,0.00000000,0.00000000,0.00000000,331.42442400
unbound,block,0.00000000,0.00000000,0.00000000,337.45005400
unbound,block,0.00000000,0.00000000,0.00000000,333.22547900
unbound,block,0.00000000,0.00000000,0.00000000,336.92188100
unbound,block,0.00000000,0.00000000,0.00000000,331.94255900
unbound,block,0.00000000,0.00000000,0.00000000,329.14544000
unbound,block,0.00000000,0.00000000,0.00000000,328.93155600
unbound,block,0.00000000,0.00000000,0.00000000,328.76780200
unbound,block,0.00000000,0.00000000,0.00000000,334.15466900
unbound,block,0.00000000,0.00000000,0.00000000,333.48679900
unbound,block,0.00000000,0.00000000,0.00000000,337.15420000
unbound,block,0.00000000,0.00000000,0.00000000,338.37391900
#meta {"seed": 20260817, "n_per_case": 100}
