person,ok,byte_errors
Aaron_Peirsol,1,27
Aaron_Sorkin,0,29
Abdel_Nasser_Assidi,0,30
Abdoulaye_Wade,1,28
Abdullah,0,30
Abdullah_al-Attiyah,0,30
Abdullatif_Sener,0,29
Abel_Pacheco,0,30
Abid_Hamid_Mahmud_Al-Tikriti,0,31
Adam_Sandler,0,29
Adam_Scott,0,32
Adel_Al-Jubeir,0,29
Adolfo_Aguilar_Zinser,0,31
Adolfo_Rodriguez_Saa,0,31
Adrian_McPherson,0,29
Adrian_Nastase,0,29
Ahmad_Masood,0,31
Ahmet_Necdet_Sezer,1,27
Aicha_El_Ouafi,0,32
Aitor_Gonzalez,0,30
Akbar_Hashemi_Rafsanjani,1,27
Akhmed_Zakayev,0,30
Al_Davis,0,31
Al_Pacino,0,30
Alan_Ball,1,25
Alan_Mulally,0,31
Alberto_Fujimori,0,31
Alberto_Ruiz_Gallardon,0,29
Albrecht_Mentz,1,28
Aldo_Paredes,0,31
Alec_Baldwin,1,28
Alejandro_Atchugarry,0,30
Alejandro_Avila,0,31
Aleksander_Kwasniewski,0,29
Alex_Barros,0,31
Alex_Penelas,1,26
Alex_Sink,1,27
Alexander_Downer,0,31
Alexander_Losyukov,1,28
Alexander_Rumyantsev,1,28
Alexandra_Stevenson,0,30
Alexandra_Vodjanikova,0,31
Ali_Abbas,0,30
Ali_Khamenei,1,28
Alice_Fisher,1,28
Alicia_Silverstone,0,32
Alimzhan_Tokhtakhounov,1,27
Alison_Lohman,0,29
Allen_Iverson,0,30
Allison_Janney,0,30
Alvaro_Noboa,0,32
Alvaro_Silva_Calderon,0,29
Amanda_Beard,0,31
Amanda_Bynes,0,31
Amanda_Coetzer,0,31
Amber_Tamblyn,0,32
Amer_al-Saadi,0,32
Amram_Mitzna,0,30
Anastasia_Myskina,0,29
Anders_Ebbeson,0,29
Anders_Fogh_Rasmussen,0,29
Andrei_Mikhnevich,1,26
Andrew_Bunner,0,31
Andrew_Cuomo,0,29
Andrew_Niccol,1,27
Andrew_Weissmann,1,27
Andy_Hebb,0,30
Angela_Lansbury,0,32
Angelo_Reyes,0,29
Anibal_Ibarra,1,27
Anna_Nicole_Smith,0,32
Anne_Krueger,1,27
Anne_McLellan,0,31
Anneli_Jaatteenmaki,0,32
Annette_Bening,1,26
Annette_Lu,0,29
Anthony_Fauci,0,30
Anthony_Hopkins,0,30
Anthony_LaPaglia,0,29
Antonio_Trillanes,0,29
Antony_Leung,1,28
Anwar_Ibrahim,0,30
Arantxa_Sanchez-Vicario,0,30
Arianna_Huffington,0,29
Arlen_Specter,0,30
Arnaud_Clement,0,30
Arnold_Palmer,0,29
Aron_Ralston,0,32
Arsinee_Khanjian,0,31
Art_Hoffmann,1,28
Art_Howe,0,29
Arturo_Gatti,1,28
Arye_Mekel,1,24
Asa_Hutchinson,0,29
Ashton_Kutcher,0,30
Augustin_Calleri,0,29
Augusto_Pinochet,1,26
Augusto_Roa_Bastos,0,30
Aung_San_Suu_Kyi,0,30
Azra_Akin,1,22
Barbara_Brezigar,0,30
Barbara_Walters,0,30
Barbra_Streisand,0,30
Barrett_Jackman,1,24
Barry_Alvarez,0,29
Barry_Zito,0,30
Bashar_Assad,0,29
Begum_Khaleda_Zia,0,29
Ben_Curtis,0,30
Ben_Glisan,0,29
Ben_Howland,1,27
Bernard_Landry,0,30
Bernard_Lord,1,28
Bernardo_Segura,0,32
Bertrand_Bonello,0,30
Beth_Jones,0,31
Betsy_Smith,0,30
Bijan_Darvish,1,27
Bijan_Namdar_Zangeneh,1,25
Biljana_Plavsic,1,24
Bill_Belichick,1,28
Bill_Callahan,0,30
Bill_Nelson,0,29
Bill_Parcells,0,30
Bill_Paxton,0,30
Bill_Sizemore,0,32
Billy_Graham,0,30
Billy_Sollie,1,25
Blythe_Danner,0,30
Blythe_Hartley,0,32
Bo_Pelini,0,31
Bo_Ryan,0,29
Bob_Beauprez,1,28
Bob_Colvin,1,26
Bob_Dole,0,30
Bob_Geldof,0,29
Bob_Huggins,0,32
Bobby_Goldwater,0,29
Bobby_Robson,0,30
Bode_Miller,0,30
Bono,1,28
Boris_Berezovsky,0,29
Boris_Yeltsin,1,27
Brad_Garrett,0,30
Branko_Crvenkovski,1,26
Brendan_Hansen,0,31
Brian_Cowen,1,27
Brian_Griese,1,27
Brian_Heidik,0,30
Brian_Mulroney,0,29
Brian_Wells,0,31
Bridget_Fonda,0,32
Bridgette_Wilson-Sampras,0,32
Brigitte_Boisselier,1,26
Brooke_Shields,0,30
Bruce_Springsteen,0,31
Bruce_Van_De_Velde,0,29
Bruce_Weber,0,30
Bud_Selig,0,30
Butch_Davis,0,29
Byron_Scott,0,31
Camilla_Parker_Bowles,0,30
Candice_Bergen,0,30
Candie_Kung,0,31
Carl_Reiner,1,27
Carla_Myers,0,29
Carlo_Ancelotti,0,30
Carlos_Bianchi,0,30
Carlos_Ghosn,0,29
Carlos_Manuel_Pruneda,1,28
Carlos_Mesa,0,30
Carlos_Ortega,0,31
Carlos_Quintanilla_Schmidt,0,32
Carlos_Ruiz,0,30
Carlos_Vives,1,25
Carly_Fiorina,0,31
Carol_Burnett,1,25
Carol_Moseley_Braun,0,32
Carolina_Kluft,0,30
Carolina_Moraes,0,32
Caroline_Kennedy,1,24
Carolyn_Dawn_Johnson,1,24
Carson_Daly,0,32
Carson_Palmer,1,28
Cate_Blanchett,0,30
Cathy_Freeman,0,30
Cecilia_Bolocco,0,30
Celso_Amorim,0,32
Cesar_Maia,0,32
Chakib_Khelil,0,29
Chan_Gailey,0,31
Chang_Dae-whan,1,28
Charles_Bronson,0,32
Charles_Grassley,0,30
Charles_Kartman,1,28
Charles_Mathews,1,27
Charles_Schumer,0,31
Charlie_Zaa,0,29
Charlotte_Rampling,0,32
Chen_Liang_Yu,0,32
Cherie_Blair,0,31
Chick_Hearn,1,24
Chita_Rivera,1,26
Chok_Tong_Goh,1,25
Chris_Bell,1,28
Chris_Byrd,0,30
Chris_Cooper,0,30
Chris_Rock,1,27
Chris_Tucker,0,32
Christian_Fittipaldi,0,31
Christian_Longo,0,31
Christian_Wulff,1,28
Christina_Aguilera,0,30
Christine_Ebersole,1,28
Christine_Gregoire,1,27
Christopher_Patten,0,30
Christopher_Reeve,0,31
Christopher_Walken,1,25
Chuck_Amato,1,27
Chuck_Yeager,1,26
Chung_Mong-hun,0,32
Chung_Mong-joon,0,32
Cindy_Crawford,0,29
Cindy_Margolis,1,28
Claire_Danes,0,31
Claire_Hentzen,1,27
Claire_Leger,1,28
Clare_Short,0,32
Claudia_Schiffer,1,27
Colin_Jackson,0,30
Conan_OBrien,0,30
Conchita_Martinez,1,28
Constance_Marie,0,30
Coretta_Scott_King,1,26
Corinne_Coman,1,28
Courtney_Love,0,31
Cristina_Fernandez,0,32
Cristina_Saralegui,0,31
Cyndi_Thompson,1,28
Dai_Bachtiar,0,31
Daisy_Fuentes,0,31
Dalai_Lama,1,23
Dale_Earnhardt_Jr,1,27
Damon_van_Dam,0,29
Dan_Morales,0,31
Dan_Wheldon,0,31
Daniel_Day-Lewis,0,30
Daniel_Radcliffe,0,31
Daniela_Hantuchova,0,29
Darrell_Issa,0,29
Darrell_Porter,0,30
Darren_Clarke,0,32
Daryl_Hannah,0,29
Dave_Campo,0,31
David_Bell,0,32
David_Caraway,1,28
David_Caruso,1,28
David_Coulthard,0,29
David_Dodge,0,32
David_Heyman,1,28
David_Hyde_Pierce,0,32
David_Kelley,0,31
David_Leahy,0,32
David_Myers,1,26
David_Spade,1,28
David_Stern,0,30
David_Wells,1,27
David_Wolf,1,28
Dean_Barkley,0,32
Debbie_Reynolds,1,23
Debra_Brown,0,30
Debra_Messing,0,32
Demetrius_Ferraciu,0,32
Demi_Moore,0,30
Denise_Johnson,0,32
Dennis_Erickson,0,31
Dennis_Kozlowski,0,29
Dennis_Powell,0,29
Derek_Jeter,1,28
Derek_Lowe,1,26
Desiree_Lemosi,0,31
Dexter_Jackson,0,31
Diana_Munz,1,26
Diana_Taurasi,1,27
Diane_Green,0,32
Dianne_Feinstein,1,27
Dick_Clark,0,30
Dick_Latessa,0,31
Dick_Vermeil,0,31
Dino_de_Laurentis,0,30
Dolly_Parton,1,23
Dolma_Tsering,0,30
Dominik_Garcia-Lorido,0,32
Don_Nickles,0,32
Don_Siegelman,1,27
Donald_Evans,0,31
Donald_Fehr,1,28
Donald_Pettit,0,31
Donatella_Versace,0,31
Donna_Shalala,1,28
Doris_Roberts,1,28
Doris_Schroeder,1,26
Dorthy_Moxley,1,27
Doug_Duncan,1,28
Doug_Melvin,1,28
Drew_Barrymore,0,30
Duane_Lee_Chapman,0,29
Dwayne_Johnson,1,25
Ed_Rosenthal,0,31
Ed_Smart,0,32
Eddie_Sutton,1,28
Eddy_Merckx,1,24
Edie_Falco,0,32
Edmund_Hillary,0,32
Edward_James_Olmos,0,30
Edward_Kennedy,0,29
Edward_Norton,0,31
Edward_Said,0,31
Edwin_Edwards,0,32
Edwina_Currie,1,25
Eileen_Coparropa,1,27
Elena_Bovina,0,30
Eliane_Karp,0,30
Elijah_Wood,0,30
Elin_Nordegren,0,30
Elinor_Caplan,0,31
Elisabeth_Schumacher,0,32
Elizabeth_Dole,0,32
Elizabeth_Shue,0,31
Elizabeth_Taylor,1,28
Ellen_DeGeneres,0,30
Ellen_Engleman,0,29
Elvis_Presley,0,31
Emile_Lahoud,1,28
Emily_Robison,0,32
Emma_Thompson,0,30
Emmanuelle_Beart,0,30
Emmit_Smith,1,28
Eric_Clapton,0,32
Eric_Hinske,0,31
Eric_Robert_Rudolph,0,29
Eric_Rosser,1,27
Erik_Morales,0,30
Erika_Christensen,0,31
Erin_Runnion,1,28
Ernesto_Zedillo,0,31
Ernie_Els,0,31
Ernie_Eves,1,28
Ernie_Fletcher,1,28
Ethan_Hawke,0,29
Eunice_Barber,0,30
Eva_Dimas,0,31
Evan_Rachel_Wood,0,31
Evander_Holyfield,0,29
Eve_Pelletier,0,29
Fabiola_Zuluaga,0,31
Fabrice_Santoro,0,32
Farouk_al-Sharaa,0,29
Faye_Dunaway,1,28
Fayssal_Mekdad,1,28
Federico_Trillo,0,30
Felipe_Perez_Roque,1,28
Felix_Mantilla,0,30
Ferenc_Madl,0,31
Fernando_Vargas,0,30
Filippo_Inzaghi,1,27
Flavia_Delaroli,0,30
Flor_Montulo,0,31
Fran_Drescher,0,29
Frances_Fisher,0,31
Francis_Ford_Coppola,0,30
Francis_George,0,29
Francis_Mer,0,29
Francisco_Flores,1,28
Franco_Dragone,0,31
Frank_Cassell,0,31
Frank_Dunham_Jr,0,30
Frank_Griswold,1,26
Frank_Lautenberg,0,30
Frank_Stallone,0,29
Franko_Simatovic,0,32
Franz_Beckenbauer,0,30
Franz_Fischler,1,27
Franz_Muentefering,0,31
Fred_Eckhard,1,27
Fred_Funk,0,31
Fred_Thompson,0,31
Freddy_Garcia,0,31
GL_Peiris,1,26
Gabriel_Batistuta,0,30
Gabriel_Valdes,0,29
Gao_Qiang,1,24
Garry_Kasparov,1,26
Garry_Trudeau,0,29
Gary_Bergeron,0,31
Gary_Carter,0,29
Gary_Doer,0,30
Gary_Forsee,0,32
Gary_Locke,0,29
Gary_Williams,0,30
Gary_Winnick,1,27
George_Brumley,0,32
George_Foreman,0,30
George_Galloway,0,30
George_Karl,0,30
George_P_Bush,0,30
George_Papandreou,0,31
George_Roy_Hill,1,26
George_Ryan,1,24
George_Tenet,0,31
George_Voinovich,0,30
Georgi_Parvanov,0,29
Geraldine_Chaplin,0,31
Gerard_Depardieu,1,20
Gerardo_Gambala,0,30
Gerry_Parsky,1,26
Gian_Marco,0,29
Gianna_Angelopoulos-Daskalaki,0,29
Gilberto_Rodriguez_Orejuela,1,27
Gillian_Anderson,0,32
Gisele_Bundchen,0,30
Giuseppe_Gibilisco,0,30
Glafcos_Clerides,0,29
Gloria_Allred,0,29
Gloria_Trevi,0,32
Goh_Kun,1,28
Goran_Persson,1,27
Gordon_Campbell,0,29
Grady_Irvin_Jr,0,31
Greg_Gilbert,0,29
Greg_Ostertag,0,32
Greg_Owen,1,27
Greg_Rusedski,0,32
Gregory_Geoffroy,0,30
Gregory_Hines,0,31
Gro_Harlem_Brundtland,0,30
Guido_Westerwelle,0,30
Guillaume_Soro,0,30
Guillermo_Canas,0,30
Guillermo_Ortiz,0,30
Gus_Van_Sant,1,28
Gustavo_Kuerten,1,26
Guy_Hemmings,0,30
Guy_Ritchie,0,30
Gwendal_Peizerat,0,30
Hal_Sutton,0,31
Hamzah_Haz,0,29
Hanan_Ashrawi,1,28
Hannah_Stockbauer,1,25
Hans_Eichel,1,27
Harbhajan_Singh,0,29
Harry_Belafonte,0,29
Harry_Kalas,0,32
Harry_Schmidt,0,29
Harvey_Weinstein,1,28
Hashim_Thaci,0,30
Hassan_Nasrallah,0,29
Hassan_Wirajuda,0,30
Hayley_Tullett,0,30
Heath_Ledger,0,30
Heather_Mills,0,32
Hector_Babenco,0,32
Hee-Won_Han,0,31
Heidi_Fleiss,0,32
Heinz_Feldmann,1,25
Helen_Clark,0,32
Henrique_Meirelles,0,31
Herb_Sendek,1,22
Hermann_Maier,0,29
Herta_Daeubler-Gmelin,0,29
Hichiro_Naemura,1,28
Hideki_Matsui,0,32
Hilary_Duff,0,29
Hilmi_Ozkok,1,27
Hipolito_Mejia,0,31
Hisao_Oguchi,1,28
Hootie_Johnson,1,28
Horst_Koehler,0,29
Howard_Schultz,0,30
Howard_Smith,0,31
Hun_Sen,0,31
Iain_Duncan_Smith,0,32
Ian_McKellen,1,26
Iban_Mayo,0,31
Ibrahim_Jaafari,1,28
Ilan_Ramon,0,31
Imad_Moustapha,1,25
Inam-ul-Haq,1,28
Inocencio_Arias,0,29
Intisar_Ajouri,1,26
Isabella_Rossellini,0,31
Isabelle_Huppert,0,30
Isaiah_Washington,0,30
Ishaq_Shahryar,0,30
Ismail_Merchant,0,32
Iva_Majoli,0,29
JJ_Redick,0,30
Jack_Grubman,1,21
Jack_Nicholson,0,32
Jacqueline_Obradors,1,24
Jada_Pinkett_Smith,0,32
James_Butts,0,29
James_Caan,0,29
James_Cameron,0,30
James_Cunningham,0,30
James_Franco,1,26
James_Gandolfini,0,31
James_Ivory,1,26
James_Jones,0,32
James_Kopp,0,30
James_Maguire,0,31
James_McGreevey,0,31
James_Morris,1,27
James_Parker,1,28
James_Schultz,0,31
James_Smith,0,29
James_Traficant,1,28
Jamie_Villafane,1,27
Jamling_Norgay,0,31
Jan-Michael_Gambill,0,30
Jane_Fonda,0,32
Jane_Kaczmarek,0,29
Jane_Pauley,0,31
Janet_Napolitano,1,27
Janet_Thorpe,1,27
Janica_Kostelic,0,31
Jason_Alexander,0,30
Jason_Jennings,1,22
Jason_Lezak,1,23
Javier_Weber,0,30
Jay_Leno,0,29
Jay_Rasulo,0,29
Jayson_Williams,0,30
Jean-Claude_Braquet,1,26
Jean-Claude_Juncker,0,31
Jean-Claude_Trichet,0,31
Jean-Francois_Pontal,1,26
Jean-Marc_de_La_Sabliere,0,30
Jean-Sebastien_Giguere,0,31
Jean_Brumley,1,28
Jean_Carnahan,0,31
Jeanne_Moreau,0,30
Jeff_Van_Gundy,1,27
Jefferson_Perez,0,31
Jeffrey_Archer,0,29
Jeffrey_Immelt,1,27
Jeffrey_Jones,1,27
Jeffrey_Scott_Postell,1,20
Jennifer_Connelly,0,30
Jennifer_Keller,0,31
Jennifer_Reilly,1,25
Jennifer_Rodriguez,0,32
Jennifer_Thompson,1,27
Jeremy_Shockey,1,25
Jerry_Falwell,0,31
Jerry_Regier,0,32
Jerry_Springer,0,30
Jesse_Harris,1,23
Jesse_James_Leija,1,28
Jesse_Ventura,0,30
Jessica_Alba,1,28
Jessica_Lange,0,31
Jessica_Lynch,0,29
Jia_Qinglin,0,31
Jim_Carrey,0,32
Jim_Edmonds,0,31
Jim_Hahn,0,31
Jim_Harrick,1,28
Jim_OBrien,0,32
Jim_Tressel,0,30
Jimmy_Kimmel,0,30
Jo_Dee_Messina,0,31
Joan_Claybrook,1,28
Job_Cohen,0,29
Jodie_Foster,0,30
Joe_Calzaghe,1,26
Joe_Dumars,1,25
Joe_Gatti,0,31
Joe_Mantello,0,30
Joe_Nichols,0,30
Joe_Torre,1,28
Joerg_Haider,0,30
John_Banko,0,29
John_Blaney,0,30
John_Brady,1,27
John_Cusack,0,30
John_F_Kennedy_Jr,0,32
John_Garamendi,0,31
John_Jumper,0,31
John_Malkovich,0,29
John_Mayer,1,27
John_McCallum,0,31
John_McCormack,0,31
John_McEnroe,0,29
John_Paul_II,0,30
John_Reid,0,30
John_Reilly,0,31
John_Rigas,1,28
John_Rosa,0,29
John_Rowland,0,30
John_Ruiz,0,31
John_Spencer,1,25
John_Stallworth,0,32
John_Swofford,0,30
John_Taylor,0,30
John_Timoney,1,26
John_Walsh,1,28
John_Warner,0,30
John_Wolf,1,28
Johnny_Carson,1,27
Johnny_Depp,0,31
Johnny_Tapia,0,32
Johnny_Unitas,0,30
Johnson_Panjaitan,1,24
Jolanta_Kwasniewski,1,28
Jon_Corzine,0,30
Jon_Voight,1,28
Jonathan_Mostow,0,31
Jong_Thae_Hwa,0,29
Jong_Wook_Lee,0,29
Jorge_Arce,1,28
Jorge_Batlle,0,30
Jorge_Castaneda,0,31
Jorge_Rodolfo_Canicoba_Corral,1,23
Jorge_Valdano,0,29
Jose_Canseco,0,31
Jose_Dirceu,0,31
Jose_Mourinho,0,31
Jose_Sarney,0,29
Jose_Theodore,0,31
Jose_Viegas_Filho,0,31
Joseph_Blatter,0,32
Joseph_Deiss,1,26
Joseph_Estrada,0,29
Joseph_Ralston,1,28
Juan_Ignacio_Chela,0,31
Juan_Manuel_Marquez,0,29
Juan_Valencia_Osorio,0,32
Juanes,1,27
Jude_Law,0,32
Judi_Dench,0,31
Judy_Genshaft,0,32
Juergen_Peters,1,28
Julia_Tymoshenko,0,31
Julianna_Margulies,0,30
Julie_Taymor,0,30
Julio_Iglesias_Jr,0,31
Justin_Gatlin,0,31
Justin_Guarini,0,32
Justin_Leonard,0,31
Justine_Henin,0,29
Karen_Mok,0,31
Karin_Stoiber,0,31
Kate_Capshaw,0,30
Kate_Winslet,0,29
Katherine_Harris,1,28
Kathleen_Glynn,1,28
Kathleen_Kennedy_Townsend,0,30
Kathryn_Bigelow,0,31
Kathy_Winters,1,28
Katie_Harman,0,32
Keira_Knightley,0,31
Keith_Bogans,0,32
Kelli_White,1,24
Kelly_Clarkson,1,25
Kelvin_Sampson,0,29
Kemal_Dervis,1,21
Ken_Macha,0,30
Ken_Watanabe,1,28
Kenneth_Bowersox,1,27
Kenneth_Branagh,1,27
Kenneth_Evans,1,23
Kent_Rominger,1,22
Kevin_Stallings,0,32
Kieran_Prendergast,1,26
Kifah_Ajouri,0,31
Kiki_Vandeweghe,1,28
Kim_Jin-sun,0,29
Kim_Jong-Il,0,31
Kim_Yong-il,0,30
Kimi_Raikkonen,0,32
Kirk_Ferentz,0,31
Kirk_Johnson,0,31
Kjell_Magne_Bondevik,0,31
Klaus_Zwickel,1,24
Kobe_Bryant,0,32
Kosuke_Kitajima,0,29
Kristen_Breitweiser,1,22
Kristin_Davis,1,26
Kurt_Busch,0,29
Kurt_Russell,0,30
Kwon_Yang-sook,0,30
LK_Advani,0,32
Laila_Ali,0,31
Lana_Clarkson,0,31
Larry_Bowa,1,26
Larry_Coker,1,25
Larry_Ellison,1,26
Larry_Johnson,1,28
Larry_Lindsey,0,32
Larry_Lucchino,1,24
Larry_Thompson,0,29
Lars_Von_Trier,0,32
Latrell_Sprewell,0,32
Laura_Hernandez,1,28
Laura_Linney,0,32
Lauren_Hutton,1,28
Lauren_Killian,1,28
Laurent_Gbagbo,0,29
Laurent_Jalabert,0,30
Lawrence_MacAulay,1,28
LeAnn_Rimes,0,29
Lea_Fastow,0,29
Leander_Paes,0,29
Lech_Walesa,0,31
Lee_Hoi-chang,0,30
Lee_Jun,0,29
Lee_Soo-hyuck,1,28
Lee_Tae-sik,0,29
Leland_Chapman,0,29
Len_Jenoff,1,24
Lennox_Lewis,0,30
Lenny_Wilkens,0,30
Leon_LaPorte,0,30
Leonard_Hamilton,1,28
Lesley_McCulloch,0,30
Leslie_Ann_Woodward,1,19
Leslie_Caldwell,0,30
Leslie_Moonves,0,29
Leszek_Miller,0,32
Liam_Neeson,0,29
Lili_Taylor,0,30
Lily_Tomlin,0,29
Lim_Dong-won,1,27
Lina_Krasnoroutskaya,0,30
Lindsay_Benko,0,31
Lindsey_Graham,0,29
Lino_Oviedo,1,26
Lionel_Richie,0,31
Lisa_Gottsegen,1,28
Lisa_Ling,0,31
Lisa_Marie_Presley,0,29
Liu_Mingkang,0,29
Lloyd_Ward,0,31
Lon_Kruger,0,30
Lord_Hutton,1,26
Lou_Piniella,1,25
Luciano_Pavarotti,1,28
Luis_Figo,0,32
Luiz_Felipe_Scolari,1,28
Luke_Walton,0,31
Lyle_Vanclief,0,29
Lynn_Abraham,0,32
Lynn_Redgrave,1,27
Lynne_Cheney,0,29
Mack_Brown,0,32
Madeleine_Albright,1,28
Magdalena_Maleeva,1,28
Maggie_Smith,0,30
Magui_Serna,0,30
Makhdoom_Amin_Fahim,1,27
Manfred_Stolpe,0,29
Manuel_Poggiali,0,31
Marat_Safin,0,31
Marc-Andre_Fleury,1,23
Marc_Grossman,1,27
Marcelo_Ebrard,0,31
Marcelo_Salas,0,29
Marcus_Gronholm,0,31
Margaret_Thatcher,0,30
Maria_Luisa_Mendonca,0,29
Mariana_Pollack,1,25
Mariangel_Ruiz_Torrealba,0,29
Marie-Reine_Le_Gougne,0,30
Marieta_Chrousala,0,30
Marilyn_Monroe,0,32
Marina_Anissina,0,31
Mario_Cipollini,1,27
Mario_Dumont,0,31
Mario_Kreutzberger,0,31
Marisa_Tomei,1,28
Marissa_Jaret_Winokur,1,27
Mark_Cuban,1,28
Mark_Dacey,1,25
Mark_Geragos,0,30
Mark_Gottfried,0,31
Mark_Hamister,1,25
Mark_Heller,0,31
Mark_Richt,0,32
Mark_Schweiker,1,26
Mark_Wahlberg,0,32
Mark_Warner,0,30
Markus_Naslund,1,27
Marlene_Weingartner,0,32
Martha_Beatriz_Roque,0,31
Martha_Bowen,0,32
Martha_Burk,0,31
Martha_Lucia_Ramirez,1,28
Martin_Brodeur,0,30
Martin_Cauchon,1,26
Martin_Hoellwarth,0,31
Martin_McCauley,1,27
Martin_Sheen,1,27
Martin_Verkerk,0,30
Martina_Hingis,0,32
Marty_Mornhinweg,0,31
Marwan_Barghouthi,0,30
Mary-Kate_Olsen,1,28
Mary_Carey,0,29
Mary_Landrieu,0,32
Mary_Steenburgen,0,31
Mary_Tyler_Moore,0,30
Masahiko_Nagasawa,0,30
Masum_Turker,1,25
Mathias_Reichhold,1,28
Matt_Damon,0,29
Matt_Dillon,0,31
Matt_Doherty,1,27
Matthew_Broderick,0,32
Maureen_Fanning,0,29
Max_Mayfield,1,23
Megan_Mullally,0,31
Meghann_Shaughnessy,0,29
Mel_Brooks,0,30
Mel_Gibson,0,29
Melanie_Griffith,0,29
Melissa_Etheridge,0,29
Mesut_Yilmaz,0,32
Mian_Khursheed_Mehmood_Kasuri,0,29
Michael_Ballack,0,30
Michael_Caine,0,32
Michael_Capellas,0,32
Michael_J_Sheehan,1,28
Michael_Jackson,0,29
Michael_Jordan,0,31
Michael_Keaton,1,28
Michael_Leavitt,1,28
Michael_Moore,0,29
Michael_Patrick_King,1,27
Michael_Sullivan,1,28
Michael_Winterbottom,0,31
Michel_Duclos,1,28
Michel_Temer,1,26
Michel_Therrien,0,31
Michelle_Branch,1,28
Michelle_Collins,1,27
Michelle_Pfeiffer,0,32
Michelle_Rodriguez,0,31
Miguel_Contreras,0,32
Miguel_Estrada,0,30
Mike_Babcock,0,31
Mike_Brey,0,31
Mike_Helton,1,28
Mike_Holmgren,0,30
Mike_Miller,0,29
Mike_Montgomery,1,25
Mike_Price,0,31
Mike_Scioscia,1,28
Mike_Tyson,0,30
Mikhail_Gorbachev,0,29
Mikhail_Kasyanov,0,32
Mikhail_Wehbe,1,28
Mikhail_Youzhny,1,28
Mikulas_Dzurinda,1,28
Milo_Djukanovic,0,31
Milo_Maestrecampo,0,30
Minnie_Driver,1,28
Miroljub,1,27
Mitchell_Daniels,1,28
Mitoji_Yabunaka,0,29
Miyako_Miyazaki,0,29
Mohamed_Benaissa,0,30
Mohammed_Baqir_al-Hakim,0,29
Monica_Bellucci,1,28
Monica_Lewinsky,0,29
Monique_Garbrecht-Enfeldt,0,32
Moshe_Katsav,0,30
Muammar_Gaddafi,0,31
Mukesh_Ambani,0,29
Munir_Akram,0,29
Nadia_Petrova,0,29
Nadine_Vinzens,0,32
Nan_Wang,1,28
Nancy_Demme,1,24
Nancy_Reagan,0,31
Nancy_Sinatra,0,32
Nanni_Moretti,0,29
Naomi_Campbell,0,29
Naoto_Kan,1,22
Nasser_al-Kidwa,0,29
Nastassia_Kinski,1,24
Natalie_Cole,1,28
Natasha_McElhone,1,22
Nathalie_Baye,0,29
Nathan_Lane,0,31
Nebojsa_Pavkovic,0,29
Nelson_Mandela,0,29
Neri_Marcore,1,28
Nicholas_Byron,1,28
Nicholas_Tse,0,31
Nicolas_Cage,0,30
Nicolas_Escude,0,30
Nicolas_Lapentti,1,28
Nikki_Reed,1,27
Noah_Wyle,1,28
Noelle_Bush,0,29
Nora_Bendijo,0,32
Norman_Jewison,1,26
Norodom_Sihanouk,0,29
Nursultan_Nazarbayev,0,31
OJ_Simpson,0,29
Oleksandr_Moroz,1,27
Olesya_Bonabarenko,0,31
Olivia_Newton-John,1,26
Omar_Sharif,1,26
Oprah_Winfrey,0,31
Orlando_Bloom,0,31
Osama_bin_Laden,0,30
Oscar_Elias_Biscet,1,26
Owen_Wilson,1,28
Oxana_Fedorova,0,31
Ozzy_Osbourne,0,29
Padraig_Harrington,0,31
Paris_Hilton,1,19
Parris_Glendening,1,27
Pascal_Lamy,0,30
Pascal_Quignard,1,28
Pat_Burns,1,28
Pat_Cox,1,26
Patrice_Chereau,1,28
Patricia_Clarkson,1,27
Patricia_Heaton,1,28
Patrick_Ewing,0,32
Patrick_Leahy,0,32
Patrick_McEnroe,0,31
Patrick_Roy,0,31
Patti_Labelle,0,31
Patty_Schnyder,0,32
Paul-Henri_Mathieu,0,30
Paul_Byrd,0,30
Paul_Coppin,0,30
Paul_Gascoigne,0,29
Paul_Hogan,1,26
Paul_Kagame,0,29
Paul_McNulty,1,26
Paul_Patton,0,29
Paul_Pierce,0,32
Paul_Sarbanes,0,29
Paul_Shanley,0,32
Paul_Tagliabue,0,29
Paul_Wellstone,1,28
Paul_William_Hurley,0,29
Paula_Zahn,0,30
Paulo_Cesar_Pinheiro,1,19
Pedro_Solbes,1,26
Penelope_Ann_Miller,0,30
Penelope_Cruz,0,30
Pete_Carroll,0,29
Pete_Rose,0,30
Peter_Arnett,0,29
Peter_Bacanovic,0,30
Peter_Costello,0,30
Peter_Greenaway,1,26
Peter_Harrison,0,30
Peter_Hillary,1,24
Petria_Thomas,1,26
Petro_Symonenko,1,28
Phan_Van_Khai,1,24
Phil_Gramm,0,29
Phil_Mickelson,0,30
Phil_Vassar,1,27
Philippe_Noiret,0,30
Pierre_Boulanger,0,29
Pierre_Pettigrew,0,30
Placido_Domingo,0,30
Prince_Claus,0,29
Prince_Edward,0,30
Prince_Harry,0,29
Prince_Naruhito,1,28
Prince_Willem-Alexander,0,30
Prince_William,0,29
Princess_Aiko,0,29
Princess_Anne,0,30
Princess_Elisabeth,1,27
Princess_Masako,0,31
Priscilla_Owen,0,32
Priscilla_Presley,1,27
Pupi_Avati,1,25
Queen_Beatrix,0,29
Queen_Latifah,1,28
Rachel_Griffiths,0,32
Rachel_Hunter,0,31
Rafael_Ramirez,1,26
Raghad_Saddam_Hussein,1,27
Ralph_Firman,0,32
Ralph_Klein,0,31
Ralph_Lauren,0,29
Ranil_Wickremasinghe,0,30
Raoul_Ruiz,0,29
Raquel_Welch,1,22
Ray_Allen,0,31
Ray_Nagin,0,30
Raymond_Odierno,1,14
Rebecca_Romijn-Stamos,0,32
Rebekah_Chantay_Revels,1,28
Reese_Witherspoon,0,29
Reggie_Miller,0,30
Ricardo_Lopez_Murphy,0,30
Ricardo_Maduro,1,28
Ricardo_Monasterio,1,28
Rich_Gannon,0,29
Richard_Branson,0,31
Richard_Butler,1,24
Richard_Crenna,0,29
Richard_Haass,1,27
Richard_Krajicek,0,31
Richard_Myers,1,28
Richard_Norton-Taylor,0,29
Richard_Sambrook,1,27
Richard_Shelby,1,28
Richie_Adubato,0,32
Rick_Barnes,0,31
Rick_Carlisle,0,32
Rick_Dinse,1,28
Rick_Pitino,0,29
Rick_Romley,1,28
Rick_Santorum,0,31
Rick_Stansbury,1,27
Rick_Wagoner,1,28
Ricky_Barnes,0,30
Ricky_Martin,0,31
Ricky_Ponting,0,31
Rio_Ferdinand,0,30
Rita_Grande,0,30
Rita_Moreno,0,30
Rita_Wilson,0,29
Rob_Lowe,0,30
Rob_Schneider,0,32
Robbie_Fowler,1,27
Robbie_Williams,0,30
Robby_Ginepri,0,31
Robert_Blackwill,0,32
Robert_Bonner,0,31
Robert_Bullock,1,22
Robert_DeFraites,1,22
Robert_Ehrlich,0,31
Robert_Evans,1,25
Robert_Fico,0,29
Robert_Horan,0,29
Robert_Mugabe,1,28
Robert_Stack,0,29
Robert_Torricelli,0,30
Robert_Witt,1,28
Roberto_Benigni,0,31
Roberto_Carlos,0,30
Roberto_Marinho,0,29
Robin_Cook,0,32
Robin_McLaurin_Williams,0,32
Robinson_Stevenin,0,29
Rod_Blagojevich,0,29
Rod_Stewart,0,30
Rodrigo_Borja,0,31
Roger_Clemens,1,28
Rogerio_Romero,0,30
Rolandas_Paksas,0,32
Rolf_Eckrodt,0,31
Ron_Howard,0,32
Ronald_Reagan,0,31
Ronaldo_Luis_Nazario_de_Lima,1,28
Roseanne_Barr,0,32
Rosemarie_Stack,1,28
Roy_Jones_Jr,0,32
Roy_Williams,0,31
Ruben_Studdard,1,28
Rupert_Grint,0,31
Rupert_Murdoch,0,29
Russell_Coutts,0,32
Russell_Crowe,1,27
Ruth_Dreifuss,0,29
Ruth_Harlow,0,32
S_Jayakumar,0,32
Saburo_Kawabuchi,1,28
Sachiko_Yamada,1,27
Sadie_Frost,0,31
Saeb_Erekat,0,30
Sally_Field,1,26
Sally_Kirkland,0,30
Sally_Ride,0,29
Salman_Rushdie,0,32
Sam_Bith,1,28
Sam_Mendes,1,26
Sam_Torrance,1,26
Samira_Makhmalbaf,0,30
Sammy_Sosa,0,31
Samuel_Waksal,1,27
Sandra_Bullock,0,31
Saparmurat_Niyazov,0,31
Sarah_Michelle_Gellar,0,30
Scott_McNealy,0,32
Scott_Ritter,1,28
Scott_Rudin,0,29
Scott_Sullivan,0,29
Scott_Wolf,1,27
Sean_Astin,0,30
Sean_Hayes,1,26
Sean_Patrick_OMalley,1,24
Sean_Penn,0,30
Sebastian_Saja,0,30
Sebastien_Grosjean,0,31
Sepp_Blatter,0,30
Sergio_Garcia,0,30
Shane_Mosley,0,31
Shane_Warne,0,31
Shannon_OBrien,0,31
Sharon_Davis,1,24
Sharon_Frey,0,30
Sharon_Osbourne,0,32
Shaukat_Aziz,0,32
Shaul_Mofaz,1,28
Sheila_Copps,0,32
Sheila_Fraser,0,29
Sheila_Wellstone,0,29
Shia_LaBeouf,0,29
Sila_Calderon,0,29
Silvia_Farina_Elia,0,30
Silvio_Fernandez,0,29
Simon_Cowell,0,30
Slobodan_Milosevic,1,26
Sonia_Gandhi,1,28
Stacy_Dragila,0,32
Stanley_McChrystal,0,30
Stanley_Tong,0,30
Stefano_Accorsi,0,29
Stellan_Skarsgard,0,31
Stephen_Ambrose,0,31
Stephen_Daldry,1,27
Stephen_Friedman,0,31
Steve_Backley,1,28
Steve_Ballmer,0,29
Steve_Mariucci,0,30
Steve_Park,0,30
Steve_Spurrier,0,29
Steve_Waugh,1,28
Steven_Hatfill,1,28
Steven_Seagal,1,28
Stockard_Channing,0,30
Strom_Thurmond,0,30
Sue_Wicks,0,29
Surakait_Sathirathai,0,32
Susan_Collins,0,29
Susie_Castillo,0,29
Susilo_Bambang_Yudhoyono,0,31
Suzanne_Gaudet,0,29
Svetlana_Koroleva,1,24
Takashi_Sorimachi,1,28
Tamara_Brooks,0,30
Tammy_Lynn_Michaels,0,30
Tassos_Papadopoulos,0,32
Taufik_Hidayat,1,23
Ted_Maher,0,30
Terje_Roed-Larsen,1,27
Terrell_Suggs,0,30
Terry_McAuliffe,1,28
Terry_Stotts,0,29
Thabo_Mbeki,0,32
Theo_Epstein,0,29
Theodore_Tweed_Roosevelt,0,29
Theresa_May,1,28
Thierry_Falise,1,28
Thomas_Birmingham,0,29
Thomas_Bjorn,0,29
Thomas_Fargo,1,26
Thomas_Malchow,0,32
Thomas_Rupprath,0,32
Thomas_Wyman,0,30
Tim_Allen,1,24
Tim_Chapman,0,32
Tim_Conway,0,30
Tim_Curry,0,29
Tim_Duncan,0,29
Tim_Floyd,1,27
Tippi_Hedren,0,31
Todd_Haynes,0,31
Tom_Brady,0,30
Tom_Coverdale,0,30
Tom_Craddick,0,29
Tom_Glavine,1,27
Tom_Jones,0,31
Tom_Reilly,0,31
Tom_Watson,0,31
Tommy_Robredo,0,30
Tomoko_Hagiwara,0,29
Toni_Braxton,0,31
Tony_Bennett,1,25
Tony_Curtis,1,28
Tony_Parker,0,31
Tony_Shalhoub,0,32
Torri_Edwards,0,30
Toshihiko_Fukui,1,26
Tracee_Ellis_Ross,1,27
Tracy_McGrady,1,28
Tsutomu_Takebe,0,30
Tubby_Smith,1,27
Tyler_Hamilton,1,28
Tyra_Banks,0,31
Tyron_Garner,0,32
Uma_Thurman,1,28
Vaclav_Klaus,1,28
Valdas_Adamkus,0,31
Valerie_Harper,1,28
Vanessa_Incontrada,0,29
Vanessa_Williams,0,31
Vicki_Zhao_Wei,0,30
Victoria_Beckham,0,31
Vidar_Helgesen,0,32
Vin_Diesel,0,32
Vince_Carter,0,29
Vince_Gill,0,29
Vincent_Gallo,1,28
Vitali_Klitschko,0,30
Vivica_Fox,0,30
Vladimir_Spidla,0,29
Vladimir_Voltchkov,0,31
Vladimiro_Montesinos,0,32
Wang_Yi,1,26
Wang_Yingfan,1,27
Warren_Beatty,0,30
Warren_Buffett,0,32
Wayne_Gretzky,1,26
Wesley_Clark,1,28
Will_Smith,0,29
William_Bratton,0,29
William_Bulger,0,31
William_Burns,1,27
William_Hochul,0,31
William_Martin,1,26
William_Rehnquist,0,30
Win_Aung,0,29
Wolfgang_Schuessel,0,32
Wu_Yi,1,27
Yann_Martel,0,29
Yasar_Yakis,0,31
Yevgeny_Kafelnikov,0,31
Yossi_Beilin,0,31
Yu_Shyi-kun,0,29
Yukiko_Okudo,0,32
Yuri_Fedotov,1,27
Yuri_Malenchenko,0,31
Zafarullah_Khan_Jamali,1,28
Zarai_Toledo,0,32
Zhang_Wenkang,1,28
Zhang_Ziyi,0,32
Zico,1,26
Zoran_Djindjic,1,27
