config,person,ok,byte_errors
single,Abdullah_Gul,0,31
single,Abdullah_Gul,0,30
single,Abdullah_Gul,0,31
single,Abdullah_Gul,0,30
vote5,Abdullah_Gul,1,19
vote5,Abdullah_Gul,1,10
vote5,Abdullah_Gul,1,19
vote5,Abdullah_Gul,1,9
vote5,Abdullah_Gul,1,15
single,Adrien_Brody,0,31
single,Adrien_Brody,0,31
single,Adrien_Brody,0,30
single,Adrien_Brody,0,31
vote5,Adrien_Brody,1,19
vote5,Adrien_Brody,1,13
vote5,Adrien_Brody,1,17
vote5,Adrien_Brody,1,9
vote5,Adrien_Brody,1,14
single,Ahmed_Chalabi,1,26
single,Ahmed_Chalabi,1,24
single,Ahmed_Chalabi,0,29
single,Ahmed_Chalabi,0,29
vote5,Ahmed_Chalabi,1,15
vote5,Ahmed_Chalabi,1,8
vote5,Ahmed_Chalabi,1,6
vote5,Ahmed_Chalabi,1,15
vote5,Ahmed_Chalabi,1,17
single,Ai_Sugiyama,0,30
single,Ai_Sugiyama,0,29
single,Ai_Sugiyama,1,28
single,Ai_Sugiyama,1,28
vote5,Ai_Sugiyama,1,12
vote5,Ai_Sugiyama,1,14
vote5,Ai_Sugiyama,1,16
vote5,Ai_Sugiyama,1,21
vote5,Ai_Sugiyama,1,18
single,Al_Gore,0,31
single,Al_Gore,0,30
single,Al_Gore,0,29
single,Al_Gore,0,31
vote5,Al_Gore,1,14
vote5,Al_Gore,1,19
vote5,Al_Gore,1,6
vote5,Al_Gore,1,8
vote5,Al_Gore,1,20
single,Al_Sharpton,0,32
single,Al_Sharpton,1,28
single,Al_Sharpton,0,30
single,Al_Sharpton,1,27
vote5,Al_Sharpton,1,16
vote5,Al_Sharpton,1,19
vote5,Al_Sharpton,1,14
vote5,Al_Sharpton,1,16
vote5,Al_Sharpton,1,15
single,Alan_Greenspan,0,32
single,Alan_Greenspan,0,29
single,Alan_Greenspan,0,31
single,Alan_Greenspan,1,28
vote5,Alan_Greenspan,1,16
vote5,Alan_Greenspan,1,18
vote5,Alan_Greenspan,1,15
vote5,Alan_Greenspan,1,11
vote5,Alan_Greenspan,1,14
single,Alastair_Campbell,0,29
single,Alastair_Campbell,0,30
single,Alastair_Campbell,1,27
single,Alastair_Campbell,0,30
vote5,Alastair_Campbell,1,14
vote5,Alastair_Campbell,1,21
vote5,Alastair_Campbell,1,17
vote5,Alastair_Campbell,1,12
vote5,Alastair_Campbell,1,11
single,Albert_Costa,0,31
single,Albert_Costa,0,30
single,Albert_Costa,0,29
single,Albert_Costa,0,29
vote5,Albert_Costa,1,13
vote5,Albert_Costa,1,17
vote5,Albert_Costa,1,18
vote5,Albert_Costa,1,18
vote5,Albert_Costa,1,15
single,Alejandro_Toledo,0,29
single,Alejandro_Toledo,0,30
single,Alejandro_Toledo,0,30
single,Alejandro_Toledo,1,28
vote5,Alejandro_Toledo,1,16
vote5,Alejandro_Toledo,1,15
vote5,Alejandro_Toledo,1,20
vote5,Alejandro_Toledo,1,13
vote5,Alejandro_Toledo,1,13
single,Ali_Naimi,1,25
single,Ali_Naimi,1,25
single,Ali_Naimi,0,30
single,Ali_Naimi,0,30
vote5,Ali_Naimi,1,8
vote5,Ali_Naimi,1,10
vote5,Ali_Naimi,1,11
vote5,Ali_Naimi,1,27
vote5,Ali_Naimi,1,16
single,Allyson_Felix,0,32
single,Allyson_Felix,0,31
single,Allyson_Felix,0,29
single,Allyson_Felix,0,31
vote5,Allyson_Felix,1,20
vote5,Allyson_Felix,1,16
vote5,Allyson_Felix,1,19
vote5,Allyson_Felix,1,14
vote5,Allyson_Felix,1,19
single,Alvaro_Uribe,0,29
single,Alvaro_Uribe,0,31
single,Alvaro_Uribe,0,31
single,Alvaro_Uribe,0,29
vote5,Alvaro_Uribe,1,17
vote5,Alvaro_Uribe,1,19
vote5,Alvaro_Uribe,1,18
vote5,Alvaro_Uribe,1,16
vote5,Alvaro_Uribe,1,14
single,Amelia_Vega,1,27
single,Amelia_Vega,0,30
single,Amelia_Vega,0,30
single,Amelia_Vega,1,27
vote5,Amelia_Vega,1,14
vote5,Amelia_Vega,1,11
vote5,Amelia_Vega,1,16
vote5,Amelia_Vega,1,14
vote5,Amelia_Vega,1,15
single,Amelie_Mauresmo,0,30
single,Amelie_Mauresmo,0,29
single,Amelie_Mauresmo,0,31
single,Amelie_Mauresmo,0,30
vote5,Amelie_Mauresmo,1,15
vote5,Amelie_Mauresmo,1,25
vote5,Amelie_Mauresmo,1,11
vote5,Amelie_Mauresmo,1,10
vote5,Amelie_Mauresmo,1,15
single,Ana_Guevara,1,28
single,Ana_Guevara,1,25
single,Ana_Guevara,1,28
single,Ana_Guevara,1,27
vote5,Ana_Guevara,1,17
vote5,Ana_Guevara,1,16
vote5,Ana_Guevara,1,4
vote5,Ana_Guevara,1,14
vote5,Ana_Guevara,1,17
single,Ana_Palacio,0,31
single,Ana_Palacio,0,32
single,Ana_Palacio,0,30
single,Ana_Palacio,0,29
vote5,Ana_Palacio,1,20
vote5,Ana_Palacio,1,15
vote5,Ana_Palacio,1,18
vote5,Ana_Palacio,1,13
vote5,Ana_Palacio,1,19
single,Andre_Agassi,1,25
single,Andre_Agassi,0,30
single,Andre_Agassi,0,31
single,Andre_Agassi,0,30
vote5,Andre_Agassi,1,18
vote5,Andre_Agassi,1,15
vote5,Andre_Agassi,1,17
vote5,Andre_Agassi,1,18
vote5,Andre_Agassi,1,18
single,Andy_Roddick,0,30
single,Andy_Roddick,0,30
single,Andy_Roddick,0,30
single,Andy_Roddick,0,30
vote5,Andy_Roddick,1,13
vote5,Andy_Roddick,1,23
vote5,Andy_Roddick,1,21
vote5,Andy_Roddick,1,21
vote5,Andy_Roddick,1,23
single,Angela_Bassett,0,30
single,Angela_Bassett,0,32
single,Angela_Bassett,0,30
single,Angela_Bassett,0,31
vote5,Angela_Bassett,1,18
vote5,Angela_Bassett,1,21
vote5,Angela_Bassett,1,23
vote5,Angela_Bassett,1,15
vote5,Angela_Bassett,1,9
single,Angela_Merkel,0,32
single,Angela_Merkel,0,32
single,Angela_Merkel,0,31
single,Angela_Merkel,0,31
vote5,Angela_Merkel,1,18
vote5,Angela_Merkel,1,20
vote5,Angela_Merkel,1,17
vote5,Angela_Merkel,1,10
vote5,Angela_Merkel,1,11
single,Angelina_Jolie,0,31
single,Angelina_Jolie,0,30
single,Angelina_Jolie,0,30
single,Angelina_Jolie,0,30
vote5,Angelina_Jolie,1,15
vote5,Angelina_Jolie,1,17
vote5,Angelina_Jolie,1,9
vote5,Angelina_Jolie,1,17
vote5,Angelina_Jolie,1,27
single,Ann_Veneman,0,30
single,Ann_Veneman,0,29
single,Ann_Veneman,0,29
single,Ann_Veneman,0,31
vote5,Ann_Veneman,1,19
vote5,Ann_Veneman,1,14
vote5,Ann_Veneman,1,8
vote5,Ann_Veneman,1,11
vote5,Ann_Veneman,1,18
single,Anna_Kournikova,0,32
single,Anna_Kournikova,0,29
single,Anna_Kournikova,0,31
single,Anna_Kournikova,0,32
vote5,Anna_Kournikova,1,18
vote5,Anna_Kournikova,1,19
vote5,Anna_Kournikova,1,23
vote5,Anna_Kournikova,1,23
vote5,Anna_Kournikova,1,17
single,Antonio_Banderas,0,29
single,Antonio_Banderas,0,31
single,Antonio_Banderas,0,30
single,Antonio_Banderas,0,29
vote5,Antonio_Banderas,1,16
vote5,Antonio_Banderas,1,14
vote5,Antonio_Banderas,1,19
vote5,Antonio_Banderas,1,18
vote5,Antonio_Banderas,1,18
single,Antonio_Palocci,1,28
single,Antonio_Palocci,0,29
single,Antonio_Palocci,1,28
single,Antonio_Palocci,0,30
vote5,Antonio_Palocci,1,14
vote5,Antonio_Palocci,1,17
vote5,Antonio_Palocci,1,16
vote5,Antonio_Palocci,1,9
vote5,Antonio_Palocci,1,19
single,Ari_Fleischer,0,30
single,Ari_Fleischer,0,29
single,Ari_Fleischer,1,28
single,Ari_Fleischer,1,28
vote5,Ari_Fleischer,1,17
vote5,Ari_Fleischer,1,14
vote5,Ari_Fleischer,1,14
vote5,Ari_Fleischer,1,15
vote5,Ari_Fleischer,1,16
single,Ariel_Sharon,0,29
single,Ariel_Sharon,1,28
single,Ariel_Sharon,1,28
single,Ariel_Sharon,1,27
vote5,Ariel_Sharon,1,17
vote5,Ariel_Sharon,1,17
vote5,Ariel_Sharon,1,9
vote5,Ariel_Sharon,1,19
vote5,Ariel_Sharon,1,9
single,Arminio_Fraga,0,32
single,Arminio_Fraga,0,32
single,Arminio_Fraga,0,32
single,Arminio_Fraga,0,32
vote5,Arminio_Fraga,0,31
vote5,Arminio_Fraga,1,13
vote5,Arminio_Fraga,1,5
vote5,Arminio_Fraga,1,8
vote5,Arminio_Fraga,1,10
single,Arnold_Schwarzenegger,0,30
single,Arnold_Schwarzenegger,0,29
single,Arnold_Schwarzenegger,1,26
single,Arnold_Schwarzenegger,0,31
vote5,Arnold_Schwarzenegger,1,16
vote5,Arnold_Schwarzenegger,1,16
vote5,Arnold_Schwarzenegger,1,13
vote5,Arnold_Schwarzenegger,1,13
vote5,Arnold_Schwarzenegger,1,14
single,Arnoldo_Aleman,0,29
single,Arnoldo_Aleman,0,29
single,Arnoldo_Aleman,0,30
single,Arnoldo_Aleman,0,30
vote5,Arnoldo_Aleman,1,14
vote5,Arnoldo_Aleman,1,20
vote5,Arnoldo_Aleman,1,13
vote5,Arnoldo_Aleman,1,19
vote5,Arnoldo_Aleman,1,14
single,Ashanti,0,30
single,Ashanti,0,31
single,Ashanti,0,30
single,Ashanti,0,31
vote5,Ashanti,1,20
vote5,Ashanti,1,12
vote5,Ashanti,1,23
vote5,Ashanti,1,14
vote5,Ashanti,1,8
single,Atal_Bihari_Vajpayee,0,31
single,Atal_Bihari_Vajpayee,0,30
single,Atal_Bihari_Vajpayee,0,31
single,Atal_Bihari_Vajpayee,1,27
vote5,Atal_Bihari_Vajpayee,1,13
vote5,Atal_Bihari_Vajpayee,1,13
vote5,Atal_Bihari_Vajpayee,1,7
vote5,Atal_Bihari_Vajpayee,1,24
vote5,Atal_Bihari_Vajpayee,1,9
single,Ben_Affleck,1,28
single,Ben_Affleck,0,31
single,Ben_Affleck,0,31
single,Ben_Affleck,0,31
vote5,Ben_Affleck,1,19
vote5,Ben_Affleck,1,12
vote5,Ben_Affleck,1,16
vote5,Ben_Affleck,1,13
vote5,Ben_Affleck,1,14
single,Benazir_Bhutto,0,29
single,Benazir_Bhutto,1,28
single,Benazir_Bhutto,0,30
single,Benazir_Bhutto,0,30
vote5,Benazir_Bhutto,1,13
vote5,Benazir_Bhutto,1,16
vote5,Benazir_Bhutto,1,8
vote5,Benazir_Bhutto,1,26
vote5,Benazir_Bhutto,1,20
single,Benjamin_Netanyahu,0,30
single,Benjamin_Netanyahu,0,29
single,Benjamin_Netanyahu,1,27
single,Benjamin_Netanyahu,1,28
vote5,Benjamin_Netanyahu,1,16
vote5,Benjamin_Netanyahu,1,13
vote5,Benjamin_Netanyahu,1,13
vote5,Benjamin_Netanyahu,1,9
vote5,Benjamin_Netanyahu,1,24
single,Bernard_Law,0,29
single,Bernard_Law,0,31
single,Bernard_Law,0,30
single,Bernard_Law,0,30
vote5,Bernard_Law,1,21
vote5,Bernard_Law,1,11
vote5,Bernard_Law,1,17
vote5,Bernard_Law,1,6
vote5,Bernard_Law,1,15
single,Bertie_Ahern,0,29
single,Bertie_Ahern,0,29
single,Bertie_Ahern,0,29
single,Bertie_Ahern,0,31
vote5,Bertie_Ahern,1,13
vote5,Bertie_Ahern,1,18
vote5,Bertie_Ahern,1,15
vote5,Bertie_Ahern,1,19
vote5,Bertie_Ahern,1,14
single,Bill_Clinton,0,30
single,Bill_Clinton,1,28
single,Bill_Clinton,1,27
single,Bill_Clinton,0,29
vote5,Bill_Clinton,1,19
vote5,Bill_Clinton,1,21
vote5,Bill_Clinton,1,23
vote5,Bill_Clinton,1,11
vote5,Bill_Clinton,1,7
single,Bill_Frist,0,31
single,Bill_Frist,1,28
single,Bill_Frist,1,28
single,Bill_Frist,0,29
vote5,Bill_Frist,1,14
vote5,Bill_Frist,1,17
vote5,Bill_Frist,1,14
vote5,Bill_Frist,1,17
vote5,Bill_Frist,1,14
single,Bill_Gates,0,30
single,Bill_Gates,0,32
single,Bill_Gates,0,29
single,Bill_Gates,0,30
vote5,Bill_Gates,1,20
vote5,Bill_Gates,1,18
vote5,Bill_Gates,1,16
vote5,Bill_Gates,1,18
vote5,Bill_Gates,1,16
single,Bill_Graham,0,32
single,Bill_Graham,0,31
single,Bill_Graham,1,26
single,Bill_Graham,0,32
vote5,Bill_Graham,1,17
vote5,Bill_Graham,1,24
vote5,Bill_Graham,1,15
vote5,Bill_Graham,1,11
vote5,Bill_Graham,1,12
single,Bill_McBride,1,27
single,Bill_McBride,1,28
single,Bill_McBride,1,26
single,Bill_McBride,1,26
vote5,Bill_McBride,1,6
vote5,Bill_McBride,1,17
vote5,Bill_McBride,1,14
vote5,Bill_McBride,1,16
vote5,Bill_McBride,1,15
single,Bill_Simon,1,28
single,Bill_Simon,0,29
single,Bill_Simon,0,31
single,Bill_Simon,0,31
vote5,Bill_Simon,1,9
vote5,Bill_Simon,1,12
vote5,Bill_Simon,1,11
vote5,Bill_Simon,1,15
vote5,Bill_Simon,1,23
single,Billy_Crystal,0,30
single,Billy_Crystal,0,31
single,Billy_Crystal,0,32
single,Billy_Crystal,0,32
vote5,Billy_Crystal,1,13
vote5,Billy_Crystal,1,19
vote5,Billy_Crystal,1,20
vote5,Billy_Crystal,1,21
vote5,Billy_Crystal,1,16
single,Binyamin_Ben-Eliezer,0,31
single,Binyamin_Ben-Eliezer,0,31
single,Binyamin_Ben-Eliezer,0,31
single,Binyamin_Ben-Eliezer,0,32
vote5,Binyamin_Ben-Eliezer,1,16
vote5,Binyamin_Ben-Eliezer,1,23
vote5,Binyamin_Ben-Eliezer,1,6
vote5,Binyamin_Ben-Eliezer,1,12
vote5,Binyamin_Ben-Eliezer,1,13
single,Bob_Graham,0,29
single,Bob_Graham,0,29
single,Bob_Graham,1,28
single,Bob_Graham,0,29
vote5,Bob_Graham,1,15
vote5,Bob_Graham,1,21
vote5,Bob_Graham,1,12
vote5,Bob_Graham,1,12
vote5,Bob_Graham,1,14
single,Bob_Hope,0,32
single,Bob_Hope,0,30
single,Bob_Hope,0,30
single,Bob_Hope,0,31
vote5,Bob_Hope,1,15
vote5,Bob_Hope,0,30
vote5,Bob_Hope,1,13
vote5,Bob_Hope,1,19
vote5,Bob_Hope,1,22
single,Bob_Stoops,1,27
single,Bob_Stoops,1,27
single,Bob_Stoops,1,28
single,Bob_Stoops,0,32
vote5,Bob_Stoops,1,16
vote5,Bob_Stoops,1,15
vote5,Bob_Stoops,1,8
vote5,Bob_Stoops,1,16
vote5,Bob_Stoops,1,18
single,Boris_Becker,0,29
single,Boris_Becker,0,31
single,Boris_Becker,1,27
single,Boris_Becker,0,29
vote5,Boris_Becker,1,11
vote5,Boris_Becker,1,14
vote5,Boris_Becker,1,18
vote5,Boris_Becker,1,22
vote5,Boris_Becker,1,12
single,Brad_Johnson,0,29
single,Brad_Johnson,0,30
single,Brad_Johnson,0,32
single,Brad_Johnson,0,31
vote5,Brad_Johnson,1,22
vote5,Brad_Johnson,1,15
vote5,Brad_Johnson,1,7
vote5,Brad_Johnson,1,25
vote5,Brad_Johnson,1,14
single,Britney_Spears,1,23
single,Britney_Spears,0,30
single,Britney_Spears,0,31
single,Britney_Spears,0,30
vote5,Britney_Spears,1,9
vote5,Britney_Spears,1,9
vote5,Britney_Spears,1,12
vote5,Britney_Spears,1,21
vote5,Britney_Spears,1,18
single,Bulent_Ecevit,1,27
single,Bulent_Ecevit,1,27
single,Bulent_Ecevit,0,29
single,Bulent_Ecevit,0,29
vote5,Bulent_Ecevit,1,23
vote5,Bulent_Ecevit,1,7
vote5,Bulent_Ecevit,1,11
vote5,Bulent_Ecevit,1,7
vote5,Bulent_Ecevit,1,15
single,Calista_Flockhart,1,26
single,Calista_Flockhart,0,31
single,Calista_Flockhart,0,30
single,Calista_Flockhart,0,32
vote5,Calista_Flockhart,1,16
vote5,Calista_Flockhart,1,12
vote5,Calista_Flockhart,1,19
vote5,Calista_Flockhart,1,12
vote5,Calista_Flockhart,1,20
single,Cameron_Diaz,0,29
single,Cameron_Diaz,0,31
single,Cameron_Diaz,0,31
single,Cameron_Diaz,0,31
vote5,Cameron_Diaz,1,21
vote5,Cameron_Diaz,1,13
vote5,Cameron_Diaz,1,16
vote5,Cameron_Diaz,1,14
vote5,Cameron_Diaz,1,21
single,Carla_Del_Ponte,1,28
single,Carla_Del_Ponte,0,31
single,Carla_Del_Ponte,0,30
single,Carla_Del_Ponte,0,30
vote5,Carla_Del_Ponte,1,19
vote5,Carla_Del_Ponte,1,11
vote5,Carla_Del_Ponte,1,14
vote5,Carla_Del_Ponte,1,13
vote5,Carla_Del_Ponte,1,13
single,Carlos_Menem,0,30
single,Carlos_Menem,0,32
single,Carlos_Menem,0,29
single,Carlos_Menem,1,28
vote5,Carlos_Menem,1,17
vote5,Carlos_Menem,1,13
vote5,Carlos_Menem,1,16
vote5,Carlos_Menem,1,11
vote5,Carlos_Menem,1,17
single,Carlos_Moya,0,31
single,Carlos_Moya,0,31
single,Carlos_Moya,0,32
single,Carlos_Moya,1,28
vote5,Carlos_Moya,1,23
vote5,Carlos_Moya,1,12
vote5,Carlos_Moya,1,15
vote5,Carlos_Moya,1,18
vote5,Carlos_Moya,1,13
single,Carmen_Electra,0,30
single,Carmen_Electra,0,29
single,Carmen_Electra,1,27
single,Carmen_Electra,0,30
vote5,Carmen_Electra,1,13
vote5,Carmen_Electra,1,14
vote5,Carmen_Electra,1,15
vote5,Carmen_Electra,1,23
vote5,Carmen_Electra,1,11
single,Carrie-Anne_Moss,1,28
single,Carrie-Anne_Moss,0,32
single,Carrie-Anne_Moss,0,29
single,Carrie-Anne_Moss,1,28
vote5,Carrie-Anne_Moss,1,11
vote5,Carrie-Anne_Moss,1,12
vote5,Carrie-Anne_Moss,0,30
vote5,Carrie-Anne_Moss,1,11
vote5,Carrie-Anne_Moss,1,9
single,Catherine_Deneuve,1,28
single,Catherine_Deneuve,0,30
single,Catherine_Deneuve,0,30
single,Catherine_Deneuve,0,29
vote5,Catherine_Deneuve,1,14
vote5,Catherine_Deneuve,1,12
vote5,Catherine_Deneuve,1,20
vote5,Catherine_Deneuve,1,15
vote5,Catherine_Deneuve,1,14
single,Catherine_Zeta-Jones,0,31
single,Catherine_Zeta-Jones,0,30
single,Catherine_Zeta-Jones,0,32
single,Catherine_Zeta-Jones,0,32
vote5,Catherine_Zeta-Jones,1,18
vote5,Catherine_Zeta-Jones,1,12
vote5,Catherine_Zeta-Jones,1,14
vote5,Catherine_Zeta-Jones,1,22
vote5,Catherine_Zeta-Jones,1,20
single,Celine_Dion,0,30
single,Celine_Dion,0,31
single,Celine_Dion,0,30
single,Celine_Dion,0,29
vote5,Celine_Dion,1,15
vote5,Celine_Dion,1,14
vote5,Celine_Dion,1,20
vote5,Celine_Dion,1,12
vote5,Celine_Dion,1,20
single,Cesar_Gaviria,1,26
single,Cesar_Gaviria,0,31
single,Cesar_Gaviria,0,31
single,Cesar_Gaviria,0,30
vote5,Cesar_Gaviria,1,14
vote5,Cesar_Gaviria,1,14
vote5,Cesar_Gaviria,1,16
vote5,Cesar_Gaviria,1,20
vote5,Cesar_Gaviria,1,18
single,Chanda_Rubin,0,31
single,Chanda_Rubin,0,32
single,Chanda_Rubin,0,31
single,Chanda_Rubin,0,29
vote5,Chanda_Rubin,1,16
vote5,Chanda_Rubin,1,12
vote5,Chanda_Rubin,1,19
vote5,Chanda_Rubin,1,18
vote5,Chanda_Rubin,1,14
single,Charles_Moose,1,27
single,Charles_Moose,0,32
single,Charles_Moose,0,30
single,Charles_Moose,0,31
vote5,Charles_Moose,1,11
vote5,Charles_Moose,1,7
vote5,Charles_Moose,0,32
vote5,Charles_Moose,1,8
vote5,Charles_Moose,1,20
single,Charles_Taylor,1,28
single,Charles_Taylor,0,31
single,Charles_Taylor,0,31
single,Charles_Taylor,0,30
vote5,Charles_Taylor,1,19
vote5,Charles_Taylor,1,7
vote5,Charles_Taylor,1,16
vote5,Charles_Taylor,1,19
vote5,Charles_Taylor,1,12
single,Charlton_Heston,0,31
single,Charlton_Heston,1,27
single,Charlton_Heston,1,28
single,Charlton_Heston,0,30
vote5,Charlton_Heston,1,15
vote5,Charlton_Heston,1,23
vote5,Charlton_Heston,1,10
vote5,Charlton_Heston,1,6
vote5,Charlton_Heston,1,17
single,Chen_Shui-bian,0,30
single,Chen_Shui-bian,0,31
single,Chen_Shui-bian,0,30
single,Chen_Shui-bian,1,28
vote5,Chen_Shui-bian,1,15
vote5,Chen_Shui-bian,1,20
vote5,Chen_Shui-bian,1,12
vote5,Chen_Shui-bian,1,21
vote5,Chen_Shui-bian,1,15
single,Choi_Sung-hong,1,27
single,Choi_Sung-hong,1,27
single,Choi_Sung-hong,0,32
single,Choi_Sung-hong,1,28
vote5,Choi_Sung-hong,1,16
vote5,Choi_Sung-hong,1,12
vote5,Choi_Sung-hong,1,9
vote5,Choi_Sung-hong,1,22
vote5,Choi_Sung-hong,1,13
single,Christine_Baumgartner,0,31
single,Christine_Baumgartner,0,30
single,Christine_Baumgartner,0,31
single,Christine_Baumgartner,1,27
vote5,Christine_Baumgartner,1,10
vote5,Christine_Baumgartner,1,19
vote5,Christine_Baumgartner,1,21
vote5,Christine_Baumgartner,1,24
vote5,Christine_Baumgartner,1,13
single,Christine_Todd_Whitman,0,32
single,Christine_Todd_Whitman,0,31
single,Christine_Todd_Whitman,0,31
single,Christine_Todd_Whitman,0,30
vote5,Christine_Todd_Whitman,1,16
vote5,Christine_Todd_Whitman,1,19
vote5,Christine_Todd_Whitman,1,18
vote5,Christine_Todd_Whitman,1,12
vote5,Christine_Todd_Whitman,1,14
single,Ciro_Gomes,0,31
single,Ciro_Gomes,0,30
single,Ciro_Gomes,1,26
single,Ciro_Gomes,0,30
vote5,Ciro_Gomes,1,16
vote5,Ciro_Gomes,1,14
vote5,Ciro_Gomes,1,14
vote5,Ciro_Gomes,1,15
vote5,Ciro_Gomes,1,10
single,Clara_Harris,1,27
single,Clara_Harris,1,27
single,Clara_Harris,0,31
single,Clara_Harris,0,30
vote5,Clara_Harris,1,11
vote5,Clara_Harris,1,15
vote5,Clara_Harris,1,11
vote5,Clara_Harris,1,17
vote5,Clara_Harris,1,13
single,Claudia_Pechstein,1,28
single,Claudia_Pechstein,0,32
single,Claudia_Pechstein,1,26
single,Claudia_Pechstein,0,30
vote5,Claudia_Pechstein,1,17
vote5,Claudia_Pechstein,1,16
vote5,Claudia_Pechstein,1,14
vote5,Claudia_Pechstein,1,18
vote5,Claudia_Pechstein,1,23
single,Clay_Aiken,0,30
single,Clay_Aiken,0,29
single,Clay_Aiken,0,29
single,Clay_Aiken,0,32
vote5,Clay_Aiken,1,14
vote5,Clay_Aiken,1,16
vote5,Clay_Aiken,1,17
vote5,Clay_Aiken,1,15
vote5,Clay_Aiken,1,16
single,Clint_Eastwood,0,30
single,Clint_Eastwood,1,25
single,Clint_Eastwood,0,30
single,Clint_Eastwood,1,28
vote5,Clint_Eastwood,1,12
vote5,Clint_Eastwood,1,9
vote5,Clint_Eastwood,1,12
vote5,Clint_Eastwood,1,16
vote5,Clint_Eastwood,1,18
single,Colin_Farrell,0,32
single,Colin_Farrell,0,29
single,Colin_Farrell,0,30
single,Colin_Farrell,0,30
vote5,Colin_Farrell,1,20
vote5,Colin_Farrell,1,14
vote5,Colin_Farrell,1,18
vote5,Colin_Farrell,1,10
vote5,Colin_Farrell,1,11
single,Colin_Montgomerie,0,32
single,Colin_Montgomerie,0,29
single,Colin_Montgomerie,0,32
single,Colin_Montgomerie,1,28
vote5,Colin_Montgomerie,1,16
vote5,Colin_Montgomerie,1,18
vote5,Colin_Montgomerie,1,20
vote5,Colin_Montgomerie,1,26
vote5,Colin_Montgomerie,1,13
single,Colin_Powell,1,26
single,Colin_Powell,0,31
single,Colin_Powell,0,32
single,Colin_Powell,0,31
vote5,Colin_Powell,1,15
vote5,Colin_Powell,1,17
vote5,Colin_Powell,1,15
vote5,Colin_Powell,1,19
vote5,Colin_Powell,1,13
single,Condoleezza_Rice,0,32
single,Condoleezza_Rice,0,32
single,Condoleezza_Rice,0,32
single,Condoleezza_Rice,0,31
vote5,Condoleezza_Rice,1,13
vote5,Condoleezza_Rice,1,12
vote5,Condoleezza_Rice,1,14
vote5,Condoleezza_Rice,1,14
vote5,Condoleezza_Rice,1,8
single,Costas_Simitis,0,32
single,Costas_Simitis,0,30
single,Costas_Simitis,0,32
single,Costas_Simitis,0,31
vote5,Costas_Simitis,1,17
vote5,Costas_Simitis,1,14
vote5,Costas_Simitis,1,19
vote5,Costas_Simitis,0,30
vote5,Costas_Simitis,1,14
single,Cruz_Bustamante,0,29
single,Cruz_Bustamante,0,29
single,Cruz_Bustamante,1,27
single,Cruz_Bustamante,0,30
vote5,Cruz_Bustamante,1,13
vote5,Cruz_Bustamante,1,18
vote5,Cruz_Bustamante,1,10
vote5,Cruz_Bustamante,1,8
vote5,Cruz_Bustamante,1,18
single,David_Anderson,0,30
single,David_Anderson,0,31
single,David_Anderson,0,31
single,David_Anderson,0,30
vote5,David_Anderson,1,16
vote5,David_Anderson,1,10
vote5,David_Anderson,1,19
vote5,David_Anderson,1,21
vote5,David_Anderson,1,21
single,David_Beckham,0,30
single,David_Beckham,0,31
single,David_Beckham,0,31
single,David_Beckham,0,30
vote5,David_Beckham,1,19
vote5,David_Beckham,1,22
vote5,David_Beckham,1,15
vote5,David_Beckham,1,9
vote5,David_Beckham,1,8
single,David_Heymann,0,30
single,David_Heymann,0,31
single,David_Heymann,0,32
single,David_Heymann,0,30
vote5,David_Heymann,1,17
vote5,David_Heymann,1,8
vote5,David_Heymann,1,17
vote5,David_Heymann,1,17
vote5,David_Heymann,1,15
single,David_Nalbandian,1,28
single,David_Nalbandian,0,30
single,David_Nalbandian,1,27
single,David_Nalbandian,0,30
vote5,David_Nalbandian,1,22
vote5,David_Nalbandian,1,18
vote5,David_Nalbandian,1,15
vote5,David_Nalbandian,1,16
vote5,David_Nalbandian,1,10
single,David_Trimble,0,29
single,David_Trimble,1,28
single,David_Trimble,0,29
single,David_Trimble,1,26
vote5,David_Trimble,1,12
vote5,David_Trimble,1,11
vote5,David_Trimble,1,19
vote5,David_Trimble,1,16
vote5,David_Trimble,1,14
single,Dennis_Hastert,0,32
single,Dennis_Hastert,0,32
single,Dennis_Hastert,0,31
single,Dennis_Hastert,0,31
vote5,Dennis_Hastert,1,19
vote5,Dennis_Hastert,1,21
vote5,Dennis_Hastert,1,23
vote5,Dennis_Hastert,1,12
vote5,Dennis_Hastert,1,11
single,Dennis_Kucinich,1,28
single,Dennis_Kucinich,1,27
single,Dennis_Kucinich,1,28
single,Dennis_Kucinich,0,30
vote5,Dennis_Kucinich,1,9
vote5,Dennis_Kucinich,1,14
vote5,Dennis_Kucinich,1,14
vote5,Dennis_Kucinich,1,12
vote5,Dennis_Kucinich,1,23
single,Denzel_Washington,0,29
single,Denzel_Washington,0,30
single,Denzel_Washington,0,29
single,Denzel_Washington,0,32
vote5,Denzel_Washington,1,23
vote5,Denzel_Washington,1,15
vote5,Denzel_Washington,1,12
vote5,Denzel_Washington,1,19
vote5,Denzel_Washington,1,13
single,Diana_Krall,0,31
single,Diana_Krall,0,29
single,Diana_Krall,1,27
single,Diana_Krall,0,29
vote5,Diana_Krall,1,9
vote5,Diana_Krall,1,13
vote5,Diana_Krall,1,16
vote5,Diana_Krall,1,14
vote5,Diana_Krall,1,20
single,Dick_Cheney,0,29
single,Dick_Cheney,0,29
single,Dick_Cheney,0,30
single,Dick_Cheney,1,26
vote5,Dick_Cheney,1,14
vote5,Dick_Cheney,1,10
vote5,Dick_Cheney,1,14
vote5,Dick_Cheney,1,18
vote5,Dick_Cheney,1,18
single,Dominique_de_Villepin,0,29
single,Dominique_de_Villepin,0,29
single,Dominique_de_Villepin,1,28
single,Dominique_de_Villepin,0,30
vote5,Dominique_de_Villepin,1,17
vote5,Dominique_de_Villepin,1,16
vote5,Dominique_de_Villepin,1,23
vote5,Dominique_de_Villepin,1,12
vote5,Dominique_de_Villepin,1,8
single,Donald_Rumsfeld,1,28
single,Donald_Rumsfeld,0,31
single,Donald_Rumsfeld,1,28
single,Donald_Rumsfeld,0,29
vote5,Donald_Rumsfeld,1,15
vote5,Donald_Rumsfeld,1,14
vote5,Donald_Rumsfeld,1,12
vote5,Donald_Rumsfeld,1,21
vote5,Donald_Rumsfeld,1,15
single,Edmund_Stoiber,1,27
single,Edmund_Stoiber,0,29
single,Edmund_Stoiber,0,31
single,Edmund_Stoiber,0,29
vote5,Edmund_Stoiber,1,8
vote5,Edmund_Stoiber,1,12
vote5,Edmund_Stoiber,1,13
vote5,Edmund_Stoiber,1,19
vote5,Edmund_Stoiber,1,14
single,Eduard_Shevardnadze,0,32
single,Eduard_Shevardnadze,1,26
single,Eduard_Shevardnadze,1,28
single,Eduard_Shevardnadze,1,24
vote5,Eduard_Shevardnadze,1,9
vote5,Eduard_Shevardnadze,0,32
vote5,Eduard_Shevardnadze,1,11
vote5,Eduard_Shevardnadze,1,15
vote5,Eduard_Shevardnadze,1,7
single,Eduardo_Duhalde,0,30
single,Eduardo_Duhalde,1,27
single,Eduardo_Duhalde,1,28
single,Eduardo_Duhalde,1,28
vote5,Eduardo_Duhalde,1,11
vote5,Eduardo_Duhalde,1,11
vote5,Eduardo_Duhalde,1,19
vote5,Eduardo_Duhalde,1,14
vote5,Eduardo_Duhalde,1,18
single,Edward_Lu,1,28
single,Edward_Lu,1,26
single,Edward_Lu,0,29
single,Edward_Lu,1,28
vote5,Edward_Lu,1,9
vote5,Edward_Lu,1,18
vote5,Edward_Lu,1,9
vote5,Edward_Lu,1,9
vote5,Edward_Lu,1,15
single,Elizabeth_Hurley,0,31
single,Elizabeth_Hurley,0,30
single,Elizabeth_Hurley,1,27
single,Elizabeth_Hurley,0,31
vote5,Elizabeth_Hurley,1,24
vote5,Elizabeth_Hurley,1,15
vote5,Elizabeth_Hurley,1,16
vote5,Elizabeth_Hurley,1,13
vote5,Elizabeth_Hurley,1,21
single,Elizabeth_Smart,1,27
single,Elizabeth_Smart,0,30
single,Elizabeth_Smart,0,29
single,Elizabeth_Smart,0,31
vote5,Elizabeth_Smart,1,17
vote5,Elizabeth_Smart,1,19
vote5,Elizabeth_Smart,1,23
vote5,Elizabeth_Smart,1,12
vote5,Elizabeth_Smart,1,9
single,Elsa_Zylberstein,0,30
single,Elsa_Zylberstein,0,29
single,Elsa_Zylberstein,0,31
single,Elsa_Zylberstein,0,30
vote5,Elsa_Zylberstein,1,27
vote5,Elsa_Zylberstein,1,18
vote5,Elsa_Zylberstein,1,19
vote5,Elsa_Zylberstein,1,10
vote5,Elsa_Zylberstein,1,10
single,Elton_John,0,31
single,Elton_John,0,31
single,Elton_John,1,28
single,Elton_John,0,32
vote5,Elton_John,1,20
vote5,Elton_John,1,20
vote5,Elton_John,1,22
vote5,Elton_John,1,16
vote5,Elton_John,1,12
single,Emanuel_Ginobili,1,28
single,Emanuel_Ginobili,1,25
single,Emanuel_Ginobili,0,32
single,Emanuel_Ginobili,1,28
vote5,Emanuel_Ginobili,1,12
vote5,Emanuel_Ginobili,1,20
vote5,Emanuel_Ginobili,1,11
vote5,Emanuel_Ginobili,1,18
vote5,Emanuel_Ginobili,1,14
single,Emma_Watson,0,30
single,Emma_Watson,0,31
single,Emma_Watson,1,28
single,Emma_Watson,0,30
vote5,Emma_Watson,1,18
vote5,Emma_Watson,1,11
vote5,Emma_Watson,1,14
vote5,Emma_Watson,1,12
vote5,Emma_Watson,1,18
single,Enrique_Bolanos,0,31
single,Enrique_Bolanos,0,31
single,Enrique_Bolanos,0,29
single,Enrique_Bolanos,0,31
vote5,Enrique_Bolanos,1,19
vote5,Enrique_Bolanos,1,16
vote5,Enrique_Bolanos,1,19
vote5,Enrique_Bolanos,1,17
vote5,Enrique_Bolanos,1,19
single,Erika_Harold,1,26
single,Erika_Harold,0,32
single,Erika_Harold,0,31
single,Erika_Harold,0,29
vote5,Erika_Harold,1,14
vote5,Erika_Harold,1,8
vote5,Erika_Harold,0,31
vote5,Erika_Harold,1,18
vote5,Erika_Harold,1,14
single,Fernando_Gonzalez,0,31
single,Fernando_Gonzalez,0,31
single,Fernando_Gonzalez,1,28
single,Fernando_Gonzalez,0,32
vote5,Fernando_Gonzalez,1,19
vote5,Fernando_Gonzalez,1,16
vote5,Fernando_Gonzalez,1,15
vote5,Fernando_Gonzalez,1,18
vote5,Fernando_Gonzalez,1,19
single,Fernando_Henrique_Cardoso,0,30
single,Fernando_Henrique_Cardoso,0,30
single,Fernando_Henrique_Cardoso,1,27
single,Fernando_Henrique_Cardoso,0,32
vote5,Fernando_Henrique_Cardoso,1,23
vote5,Fernando_Henrique_Cardoso,1,20
vote5,Fernando_Henrique_Cardoso,1,15
vote5,Fernando_Henrique_Cardoso,1,9
vote5,Fernando_Henrique_Cardoso,1,17
single,Fidel_Castro,0,31
single,Fidel_Castro,0,32
single,Fidel_Castro,0,29
single,Fidel_Castro,0,31
vote5,Fidel_Castro,1,24
vote5,Fidel_Castro,1,13
vote5,Fidel_Castro,1,13
vote5,Fidel_Castro,1,15
vote5,Fidel_Castro,1,16
single,Frank_Solich,1,28
single,Frank_Solich,0,31
single,Frank_Solich,0,30
single,Frank_Solich,1,23
vote5,Frank_Solich,1,8
vote5,Frank_Solich,1,8
vote5,Frank_Solich,1,17
vote5,Frank_Solich,1,16
vote5,Frank_Solich,1,13
single,Fujio_Cho,0,29
single,Fujio_Cho,0,29
single,Fujio_Cho,0,31
single,Fujio_Cho,1,27
vote5,Fujio_Cho,1,15
vote5,Fujio_Cho,1,16
vote5,Fujio_Cho,1,5
vote5,Fujio_Cho,1,15
vote5,Fujio_Cho,1,7
single,Gene_Robinson,1,28
single,Gene_Robinson,0,29
single,Gene_Robinson,1,28
single,Gene_Robinson,0,30
vote5,Gene_Robinson,1,14
vote5,Gene_Robinson,1,9
vote5,Gene_Robinson,1,21
vote5,Gene_Robinson,1,11
vote5,Gene_Robinson,1,13
single,Geoff_Hoon,0,30
single,Geoff_Hoon,1,28
single,Geoff_Hoon,0,30
single,Geoff_Hoon,1,26
vote5,Geoff_Hoon,1,13
vote5,Geoff_Hoon,1,15
vote5,Geoff_Hoon,1,15
vote5,Geoff_Hoon,1,13
vote5,Geoff_Hoon,1,13
single,George_Clooney,0,29
single,George_Clooney,0,31
single,George_Clooney,0,31
single,George_Clooney,1,28
vote5,George_Clooney,1,13
vote5,George_Clooney,1,25
vote5,George_Clooney,1,18
vote5,George_Clooney,1,20
vote5,George_Clooney,1,7
single,George_HW_Bush,0,30
single,George_HW_Bush,0,30
single,George_HW_Bush,0,31
single,George_HW_Bush,0,29
vote5,George_HW_Bush,1,18
vote5,George_HW_Bush,1,16
vote5,George_HW_Bush,1,12
vote5,George_HW_Bush,1,22
vote5,George_HW_Bush,1,12
single,George_Lopez,0,31
single,George_Lopez,1,26
single,George_Lopez,0,31
single,George_Lopez,1,28
vote5,George_Lopez,1,15
vote5,George_Lopez,1,16
vote5,George_Lopez,1,17
vote5,George_Lopez,1,17
vote5,George_Lopez,1,8
single,George_Pataki,0,31
single,George_Pataki,1,26
single,George_Pataki,0,30
single,George_Pataki,0,29
vote5,George_Pataki,1,13
vote5,George_Pataki,1,21
vote5,George_Pataki,1,12
vote5,George_Pataki,1,24
vote5,George_Pataki,1,16
single,George_Robertson,0,31
single,George_Robertson,0,30
single,George_Robertson,0,30
single,George_Robertson,0,31
vote5,George_Robertson,1,17
vote5,George_Robertson,1,16
vote5,George_Robertson,1,13
vote5,George_Robertson,1,13
vote5,George_Robertson,1,17
single,George_W_Bush,1,26
single,George_W_Bush,0,30
single,George_W_Bush,0,32
single,George_W_Bush,1,27
vote5,George_W_Bush,1,10
vote5,George_W_Bush,1,6
vote5,George_W_Bush,1,18
vote5,George_W_Bush,1,18
vote5,George_W_Bush,1,16
single,Gerhard_Schroeder,1,26
single,Gerhard_Schroeder,0,31
single,Gerhard_Schroeder,1,25
single,Gerhard_Schroeder,0,30
vote5,Gerhard_Schroeder,1,13
vote5,Gerhard_Schroeder,1,13
vote5,Gerhard_Schroeder,1,20
vote5,Gerhard_Schroeder,1,5
vote5,Gerhard_Schroeder,1,16
single,Gerry_Adams,1,28
single,Gerry_Adams,0,29
single,Gerry_Adams,0,29
single,Gerry_Adams,0,30
vote5,Gerry_Adams,1,15
vote5,Gerry_Adams,1,13
vote5,Gerry_Adams,1,12
vote5,Gerry_Adams,1,6
vote5,Gerry_Adams,1,19
single,Gil_de_Ferran,0,31
single,Gil_de_Ferran,0,30
single,Gil_de_Ferran,0,30
single,Gil_de_Ferran,0,31
vote5,Gil_de_Ferran,1,19
vote5,Gil_de_Ferran,1,25
vote5,Gil_de_Ferran,1,14
vote5,Gil_de_Ferran,1,13
vote5,Gil_de_Ferran,1,11
single,Gloria_Macapagal_Arroyo,1,28
single,Gloria_Macapagal_Arroyo,0,29
single,Gloria_Macapagal_Arroyo,0,30
single,Gloria_Macapagal_Arroyo,0,31
vote5,Gloria_Macapagal_Arroyo,1,17
vote5,Gloria_Macapagal_Arroyo,1,14
vote5,Gloria_Macapagal_Arroyo,1,18
vote5,Gloria_Macapagal_Arroyo,1,8
vote5,Gloria_Macapagal_Arroyo,1,23
single,Goldie_Hawn,0,32
single,Goldie_Hawn,0,30
single,Goldie_Hawn,0,31
single,Goldie_Hawn,0,31
vote5,Goldie_Hawn,1,15
vote5,Goldie_Hawn,0,31
vote5,Goldie_Hawn,1,8
vote5,Goldie_Hawn,1,15
vote5,Goldie_Hawn,1,18
single,Gonzalo_Sanchez_de_Lozada,0,31
single,Gonzalo_Sanchez_de_Lozada,0,30
single,Gonzalo_Sanchez_de_Lozada,1,28
single,Gonzalo_Sanchez_de_Lozada,1,25
vote5,Gonzalo_Sanchez_de_Lozada,1,13
vote5,Gonzalo_Sanchez_de_Lozada,1,21
vote5,Gonzalo_Sanchez_de_Lozada,1,23
vote5,Gonzalo_Sanchez_de_Lozada,1,16
vote5,Gonzalo_Sanchez_de_Lozada,1,10
single,Gordon_Brown,0,31
single,Gordon_Brown,0,31
single,Gordon_Brown,0,30
single,Gordon_Brown,0,31
vote5,Gordon_Brown,1,15
vote5,Gordon_Brown,1,16
vote5,Gordon_Brown,1,11
vote5,Gordon_Brown,1,20
vote5,Gordon_Brown,1,13
single,Grant_Hackett,1,28
single,Grant_Hackett,1,27
single,Grant_Hackett,0,30
single,Grant_Hackett,0,29
vote5,Grant_Hackett,1,11
vote5,Grant_Hackett,1,13
vote5,Grant_Hackett,1,8
vote5,Grant_Hackett,1,19
vote5,Grant_Hackett,1,18
single,Gray_Davis,0,30
single,Gray_Davis,0,29
single,Gray_Davis,1,28
single,Gray_Davis,0,32
vote5,Gray_Davis,1,13
vote5,Gray_Davis,1,12
vote5,Gray_Davis,1,20
vote5,Gray_Davis,1,13
vote5,Gray_Davis,1,23
single,Gregg_Popovich,1,28
single,Gregg_Popovich,0,32
single,Gregg_Popovich,0,30
single,Gregg_Popovich,1,24
vote5,Gregg_Popovich,1,16
vote5,Gregg_Popovich,1,15
vote5,Gregg_Popovich,1,15
vote5,Gregg_Popovich,1,17
vote5,Gregg_Popovich,1,12
single,Guillermo_Coria,0,29
single,Guillermo_Coria,0,31
single,Guillermo_Coria,0,30
single,Guillermo_Coria,0,29
vote5,Guillermo_Coria,1,14
vote5,Guillermo_Coria,1,9
vote5,Guillermo_Coria,1,16
vote5,Guillermo_Coria,1,17
vote5,Guillermo_Coria,1,26
single,Gunter_Pleuger,1,27
single,Gunter_Pleuger,0,29
single,Gunter_Pleuger,1,28
single,Gunter_Pleuger,0,29
vote5,Gunter_Pleuger,1,15
vote5,Gunter_Pleuger,1,13
vote5,Gunter_Pleuger,1,14
vote5,Gunter_Pleuger,1,15
vote5,Gunter_Pleuger,1,9
single,Gwyneth_Paltrow,0,30
single,Gwyneth_Paltrow,0,32
single,Gwyneth_Paltrow,0,30
single,Gwyneth_Paltrow,0,32
vote5,Gwyneth_Paltrow,1,21
vote5,Gwyneth_Paltrow,1,19
vote5,Gwyneth_Paltrow,1,15
vote5,Gwyneth_Paltrow,1,16
vote5,Gwyneth_Paltrow,1,18
single,Habib_Rizieq,0,31
single,Habib_Rizieq,0,30
single,Habib_Rizieq,0,30
single,Habib_Rizieq,0,30
vote5,Habib_Rizieq,1,20
vote5,Habib_Rizieq,1,15
vote5,Habib_Rizieq,1,16
vote5,Habib_Rizieq,1,12
vote5,Habib_Rizieq,1,11
single,Hal_Gehman,1,28
single,Hal_Gehman,0,29
single,Hal_Gehman,0,32
single,Hal_Gehman,0,31
vote5,Hal_Gehman,1,18
vote5,Hal_Gehman,1,10
vote5,Hal_Gehman,1,14
vote5,Hal_Gehman,1,17
vote5,Hal_Gehman,1,20
single,Halle_Berry,0,31
single,Halle_Berry,0,31
single,Halle_Berry,0,29
single,Halle_Berry,1,28
vote5,Halle_Berry,1,8
vote5,Halle_Berry,1,23
vote5,Halle_Berry,1,25
vote5,Halle_Berry,1,17
vote5,Halle_Berry,1,8
single,Hamid_Karzai,1,28
single,Hamid_Karzai,0,31
single,Hamid_Karzai,1,27
single,Hamid_Karzai,0,29
vote5,Hamid_Karzai,1,20
vote5,Hamid_Karzai,1,10
vote5,Hamid_Karzai,1,13
vote5,Hamid_Karzai,1,12
vote5,Hamid_Karzai,1,15
single,Hans_Blix,0,32
single,Hans_Blix,0,32
single,Hans_Blix,0,32
single,Hans_Blix,0,32
vote5,Hans_Blix,0,30
vote5,Hans_Blix,1,16
vote5,Hans_Blix,0,30
vote5,Hans_Blix,1,14
vote5,Hans_Blix,1,12
single,Harrison_Ford,0,29
single,Harrison_Ford,0,31
single,Harrison_Ford,0,32
single,Harrison_Ford,0,31
vote5,Harrison_Ford,1,18
vote5,Harrison_Ford,1,12
vote5,Harrison_Ford,1,15
vote5,Harrison_Ford,0,32
vote5,Harrison_Ford,1,10
single,Heidi_Klum,0,29
single,Heidi_Klum,0,32
single,Heidi_Klum,0,29
single,Heidi_Klum,0,32
vote5,Heidi_Klum,1,17
vote5,Heidi_Klum,1,17
vote5,Heidi_Klum,1,16
vote5,Heidi_Klum,1,17
vote5,Heidi_Klum,1,18
single,Heizo_Takenaka,0,30
single,Heizo_Takenaka,0,29
single,Heizo_Takenaka,0,29
single,Heizo_Takenaka,0,30
vote5,Heizo_Takenaka,1,16
vote5,Heizo_Takenaka,1,20
vote5,Heizo_Takenaka,1,10
vote5,Heizo_Takenaka,1,16
vote5,Heizo_Takenaka,1,10
single,Hillary_Clinton,1,26
single,Hillary_Clinton,1,27
single,Hillary_Clinton,0,29
single,Hillary_Clinton,0,30
vote5,Hillary_Clinton,1,10
vote5,Hillary_Clinton,1,21
vote5,Hillary_Clinton,1,8
vote5,Hillary_Clinton,1,13
vote5,Hillary_Clinton,1,18
single,Hitomi_Soga,0,29
single,Hitomi_Soga,1,28
single,Hitomi_Soga,0,30
single,Hitomi_Soga,0,29
vote5,Hitomi_Soga,1,14
vote5,Hitomi_Soga,1,21
vote5,Hitomi_Soga,1,14
vote5,Hitomi_Soga,1,11
vote5,Hitomi_Soga,1,23
single,Holly_Hunter,0,31
single,Holly_Hunter,0,29
single,Holly_Hunter,0,29
single,Holly_Hunter,0,29
vote5,Holly_Hunter,1,18
vote5,Holly_Hunter,1,11
vote5,Holly_Hunter,1,13
vote5,Holly_Hunter,1,12
vote5,Holly_Hunter,1,19
single,Hosni_Mubarak,1,25
single,Hosni_Mubarak,1,28
single,Hosni_Mubarak,0,30
single,Hosni_Mubarak,1,26
vote5,Hosni_Mubarak,1,10
vote5,Hosni_Mubarak,1,6
vote5,Hosni_Mubarak,1,19
vote5,Hosni_Mubarak,1,17
vote5,Hosni_Mubarak,1,17
single,Howard_Dean,1,28
single,Howard_Dean,1,28
single,Howard_Dean,1,28
single,Howard_Dean,0,29
vote5,Howard_Dean,1,10
vote5,Howard_Dean,1,17
vote5,Howard_Dean,1,12
vote5,Howard_Dean,1,21
vote5,Howard_Dean,1,17
single,Hu_Jintao,0,30
single,Hu_Jintao,0,30
single,Hu_Jintao,0,30
single,Hu_Jintao,0,31
vote5,Hu_Jintao,1,19
vote5,Hu_Jintao,1,23
vote5,Hu_Jintao,1,16
vote5,Hu_Jintao,1,11
vote5,Hu_Jintao,1,14
single,Hugh_Grant,1,27
single,Hugh_Grant,1,28
single,Hugh_Grant,1,25
single,Hugh_Grant,0,29
vote5,Hugh_Grant,1,12
vote5,Hugh_Grant,1,15
vote5,Hugh_Grant,1,12
vote5,Hugh_Grant,1,18
vote5,Hugh_Grant,1,16
single,Hugo_Chavez,1,27
single,Hugo_Chavez,1,28
single,Hugo_Chavez,0,31
single,Hugo_Chavez,1,28
vote5,Hugo_Chavez,1,11
vote5,Hugo_Chavez,1,15
vote5,Hugo_Chavez,1,15
vote5,Hugo_Chavez,1,23
vote5,Hugo_Chavez,1,11
single,Ian_Thorpe,0,32
single,Ian_Thorpe,1,28
single,Ian_Thorpe,0,31
single,Ian_Thorpe,0,29
vote5,Ian_Thorpe,1,19
vote5,Ian_Thorpe,1,24
vote5,Ian_Thorpe,1,10
vote5,Ian_Thorpe,1,14
vote5,Ian_Thorpe,1,11
single,Igor_Ivanov,0,29
single,Igor_Ivanov,0,31
single,Igor_Ivanov,1,28
single,Igor_Ivanov,0,32
vote5,Igor_Ivanov,1,10
vote5,Igor_Ivanov,1,14
vote5,Igor_Ivanov,1,11
vote5,Igor_Ivanov,1,14
vote5,Igor_Ivanov,0,29
single,JK_Rowling,0,31
single,JK_Rowling,0,30
single,JK_Rowling,1,28
single,JK_Rowling,0,30
vote5,JK_Rowling,1,24
vote5,JK_Rowling,1,14
vote5,JK_Rowling,1,17
vote5,JK_Rowling,1,8
vote5,JK_Rowling,1,11
single,Jack_Straw,1,28
single,Jack_Straw,0,30
single,Jack_Straw,1,26
single,Jack_Straw,1,28
vote5,Jack_Straw,1,9
vote5,Jack_Straw,1,19
vote5,Jack_Straw,1,14
vote5,Jack_Straw,1,18
vote5,Jack_Straw,1,15
single,Jackie_Chan,0,31
single,Jackie_Chan,1,26
single,Jackie_Chan,1,26
single,Jackie_Chan,1,28
vote5,Jackie_Chan,1,17
vote5,Jackie_Chan,1,19
vote5,Jackie_Chan,1,8
vote5,Jackie_Chan,1,5
vote5,Jackie_Chan,1,22
single,Jacques_Chirac,0,29
single,Jacques_Chirac,0,31
single,Jacques_Chirac,1,25
single,Jacques_Chirac,0,29
vote5,Jacques_Chirac,1,14
vote5,Jacques_Chirac,1,15
vote5,Jacques_Chirac,1,20
vote5,Jacques_Chirac,1,15
vote5,Jacques_Chirac,1,6
single,Jacques_Rogge,0,31
single,Jacques_Rogge,0,30
single,Jacques_Rogge,0,30
single,Jacques_Rogge,0,31
vote5,Jacques_Rogge,1,24
vote5,Jacques_Rogge,1,17
vote5,Jacques_Rogge,1,10
vote5,Jacques_Rogge,1,14
vote5,Jacques_Rogge,1,12
single,Jake_Gyllenhaal,0,30
single,Jake_Gyllenhaal,1,26
single,Jake_Gyllenhaal,1,26
single,Jake_Gyllenhaal,1,27
vote5,Jake_Gyllenhaal,1,12
vote5,Jake_Gyllenhaal,1,26
vote5,Jake_Gyllenhaal,1,9
vote5,Jake_Gyllenhaal,1,11
vote5,Jake_Gyllenhaal,1,9
single,James_Blake,0,32
single,James_Blake,0,31
single,James_Blake,0,30
single,James_Blake,0,31
vote5,James_Blake,1,20
vote5,James_Blake,1,16
vote5,James_Blake,1,18
vote5,James_Blake,1,8
vote5,James_Blake,1,13
single,James_Kelly,0,29
single,James_Kelly,0,29
single,James_Kelly,0,31
single,James_Kelly,0,30
vote5,James_Kelly,1,14
vote5,James_Kelly,1,21
vote5,James_Kelly,1,10
vote5,James_Kelly,1,9
vote5,James_Kelly,1,15
single,James_Wolfensohn,0,29
single,James_Wolfensohn,1,28
single,James_Wolfensohn,1,27
single,James_Wolfensohn,0,30
vote5,James_Wolfensohn,1,11
vote5,James_Wolfensohn,1,12
vote5,James_Wolfensohn,1,22
vote5,James_Wolfensohn,1,8
vote5,James_Wolfensohn,1,16
single,Jan_Ullrich,0,31
single,Jan_Ullrich,0,31
single,Jan_Ullrich,0,32
single,Jan_Ullrich,0,32
vote5,Jan_Ullrich,1,23
vote5,Jan_Ullrich,1,9
vote5,Jan_Ullrich,1,8
vote5,Jan_Ullrich,1,15
vote5,Jan_Ullrich,1,21
single,Jason_Kidd,0,32
single,Jason_Kidd,0,29
single,Jason_Kidd,1,28
single,Jason_Kidd,0,30
vote5,Jason_Kidd,1,15
vote5,Jason_Kidd,1,23
vote5,Jason_Kidd,1,11
vote5,Jason_Kidd,1,12
vote5,Jason_Kidd,1,21
single,Javier_Solana,0,31
single,Javier_Solana,0,32
single,Javier_Solana,0,31
single,Javier_Solana,0,30
vote5,Javier_Solana,1,22
vote5,Javier_Solana,1,12
vote5,Javier_Solana,1,14
vote5,Javier_Solana,1,15
vote5,Javier_Solana,1,19
single,Jay_Garner,1,27
single,Jay_Garner,1,28
single,Jay_Garner,1,28
single,Jay_Garner,0,31
vote5,Jay_Garner,1,12
vote5,Jay_Garner,1,11
vote5,Jay_Garner,1,18
vote5,Jay_Garner,1,16
vote5,Jay_Garner,1,17
single,Jean-David_Levitte,1,26
single,Jean-David_Levitte,1,25
single,Jean-David_Levitte,0,30
single,Jean-David_Levitte,1,28
vote5,Jean-David_Levitte,1,7
vote5,Jean-David_Levitte,1,11
vote5,Jean-David_Levitte,1,8
vote5,Jean-David_Levitte,1,22
vote5,Jean-David_Levitte,1,14
single,Jean-Pierre_Raffarin,0,30
single,Jean-Pierre_Raffarin,0,29
single,Jean-Pierre_Raffarin,0,31
single,Jean-Pierre_Raffarin,0,30
vote5,Jean-Pierre_Raffarin,1,19
vote5,Jean-Pierre_Raffarin,1,12
vote5,Jean-Pierre_Raffarin,1,15
vote5,Jean-Pierre_Raffarin,1,19
vote5,Jean-Pierre_Raffarin,1,13
single,Jean_Charest,0,29
single,Jean_Charest,0,29
single,Jean_Charest,0,31
single,Jean_Charest,0,30
vote5,Jean_Charest,1,14
vote5,Jean_Charest,1,13
vote5,Jean_Charest,1,15
vote5,Jean_Charest,0,31
vote5,Jean_Charest,1,7
single,Jean_Chretien,0,29
single,Jean_Chretien,1,28
single,Jean_Chretien,0,30
single,Jean_Chretien,0,29
vote5,Jean_Chretien,1,16
vote5,Jean_Chretien,1,14
vote5,Jean_Chretien,1,9
vote5,Jean_Chretien,1,25
vote5,Jean_Chretien,1,14
single,Jeb_Bush,0,31
single,Jeb_Bush,1,28
single,Jeb_Bush,0,31
single,Jeb_Bush,1,28
vote5,Jeb_Bush,1,20
vote5,Jeb_Bush,1,13
vote5,Jeb_Bush,1,6
vote5,Jeb_Bush,1,16
vote5,Jeb_Bush,1,19
single,Jelena_Dokic,0,29
single,Jelena_Dokic,0,31
single,Jelena_Dokic,0,31
single,Jelena_Dokic,0,30
vote5,Jelena_Dokic,1,21
vote5,Jelena_Dokic,1,10
vote5,Jelena_Dokic,1,24
vote5,Jelena_Dokic,1,22
vote5,Jelena_Dokic,1,15
single,Jennifer_Aniston,1,28
single,Jennifer_Aniston,1,27
single,Jennifer_Aniston,0,32
single,Jennifer_Aniston,0,31
vote5,Jennifer_Aniston,1,14
vote5,Jennifer_Aniston,1,9
vote5,Jennifer_Aniston,1,11
vote5,Jennifer_Aniston,1,21
vote5,Jennifer_Aniston,1,22
single,Jennifer_Capriati,0,32
single,Jennifer_Capriati,0,32
single,Jennifer_Capriati,0,30
single,Jennifer_Capriati,0,31
vote5,Jennifer_Capriati,1,19
vote5,Jennifer_Capriati,1,23
vote5,Jennifer_Capriati,1,16
vote5,Jennifer_Capriati,1,18
vote5,Jennifer_Capriati,1,19
single,Jennifer_Garner,0,32
single,Jennifer_Garner,0,30
single,Jennifer_Garner,0,31
single,Jennifer_Garner,0,31
vote5,Jennifer_Garner,1,24
vote5,Jennifer_Garner,1,18
vote5,Jennifer_Garner,1,11
vote5,Jennifer_Garner,1,14
vote5,Jennifer_Garner,1,17
single,Jennifer_Lopez,0,31
single,Jennifer_Lopez,0,31
single,Jennifer_Lopez,0,30
single,Jennifer_Lopez,0,31
vote5,Jennifer_Lopez,1,20
vote5,Jennifer_Lopez,1,13
vote5,Jennifer_Lopez,1,15
vote5,Jennifer_Lopez,1,19
vote5,Jennifer_Lopez,1,19
single,Jeong_Se-hyun,0,30
single,Jeong_Se-hyun,1,25
single,Jeong_Se-hyun,0,29
single,Jeong_Se-hyun,0,31
vote5,Jeong_Se-hyun,1,15
vote5,Jeong_Se-hyun,1,12
vote5,Jeong_Se-hyun,1,8
vote5,Jeong_Se-hyun,1,23
vote5,Jeong_Se-hyun,1,22
single,Jeremy_Greenstock,1,28
single,Jeremy_Greenstock,1,27
single,Jeremy_Greenstock,0,29
single,Jeremy_Greenstock,1,27
vote5,Jeremy_Greenstock,1,11
vote5,Jeremy_Greenstock,1,20
vote5,Jeremy_Greenstock,1,10
vote5,Jeremy_Greenstock,1,27
vote5,Jeremy_Greenstock,1,13
single,Jesse_Jackson,1,27
single,Jesse_Jackson,1,28
single,Jesse_Jackson,0,31
single,Jesse_Jackson,1,25
vote5,Jesse_Jackson,1,9
vote5,Jesse_Jackson,1,8
vote5,Jesse_Jackson,1,8
vote5,Jesse_Jackson,1,24
vote5,Jesse_Jackson,1,15
single,Jiang_Zemin,0,29
single,Jiang_Zemin,0,29
single,Jiang_Zemin,0,31
single,Jiang_Zemin,1,26
vote5,Jiang_Zemin,1,11
vote5,Jiang_Zemin,1,16
vote5,Jiang_Zemin,1,20
vote5,Jiang_Zemin,1,22
vote5,Jiang_Zemin,1,13
single,Jim_Furyk,0,31
single,Jim_Furyk,0,29
single,Jim_Furyk,1,28
single,Jim_Furyk,0,29
vote5,Jim_Furyk,1,16
vote5,Jim_Furyk,1,25
vote5,Jim_Furyk,1,13
vote5,Jim_Furyk,1,11
vote5,Jim_Furyk,1,13
single,Jimmy_Carter,0,29
single,Jimmy_Carter,1,25
single,Jimmy_Carter,1,28
single,Jimmy_Carter,1,28
vote5,Jimmy_Carter,1,15
vote5,Jimmy_Carter,1,8
vote5,Jimmy_Carter,1,11
vote5,Jimmy_Carter,1,9
vote5,Jimmy_Carter,1,12
single,Jiri_Novak,0,30
single,Jiri_Novak,0,30
single,Jiri_Novak,0,29
single,Jiri_Novak,0,30
vote5,Jiri_Novak,1,19
vote5,Jiri_Novak,1,23
vote5,Jiri_Novak,1,16
vote5,Jiri_Novak,1,7
vote5,Jiri_Novak,1,7
single,Joan_Laporta,0,30
single,Joan_Laporta,0,30
single,Joan_Laporta,0,31
single,Joan_Laporta,1,28
vote5,Joan_Laporta,1,19
vote5,Joan_Laporta,1,19
vote5,Joan_Laporta,1,12
vote5,Joan_Laporta,1,17
vote5,Joan_Laporta,1,13
single,Joe_Lieberman,0,30
single,Joe_Lieberman,0,29
single,Joe_Lieberman,0,32
single,Joe_Lieberman,1,27
vote5,Joe_Lieberman,1,9
vote5,Joe_Lieberman,1,12
vote5,Joe_Lieberman,1,9
vote5,Joe_Lieberman,0,31
vote5,Joe_Lieberman,1,8
single,John_Abizaid,0,31
single,John_Abizaid,0,31
single,John_Abizaid,1,27
single,John_Abizaid,0,30
vote5,John_Abizaid,1,13
vote5,John_Abizaid,1,13
vote5,John_Abizaid,1,17
vote5,John_Abizaid,1,20
vote5,John_Abizaid,1,11
single,John_Allen_Muhammad,1,26
single,John_Allen_Muhammad,0,30
single,John_Allen_Muhammad,0,29
single,John_Allen_Muhammad,0,31
vote5,John_Allen_Muhammad,1,17
vote5,John_Allen_Muhammad,1,14
vote5,John_Allen_Muhammad,1,12
vote5,John_Allen_Muhammad,1,11
vote5,John_Allen_Muhammad,1,12
single,John_Ashcroft,0,30
single,John_Ashcroft,1,27
single,John_Ashcroft,1,28
single,John_Ashcroft,0,30
vote5,John_Ashcroft,1,13
vote5,John_Ashcroft,1,13
vote5,John_Ashcroft,1,4
vote5,John_Ashcroft,1,16
vote5,John_Ashcroft,1,16
single,John_Bolton,0,29
single,John_Bolton,1,26
single,John_Bolton,1,27
single,John_Bolton,0,31
vote5,John_Bolton,1,15
vote5,John_Bolton,1,13
vote5,John_Bolton,1,6
vote5,John_Bolton,1,15
vote5,John_Bolton,1,21
single,John_Edwards,0,30
single,John_Edwards,1,27
single,John_Edwards,1,28
single,John_Edwards,0,31
vote5,John_Edwards,1,18
vote5,John_Edwards,1,17
vote5,John_Edwards,1,12
vote5,John_Edwards,1,14
vote5,John_Edwards,1,15
single,John_Howard,0,31
single,John_Howard,1,26
single,John_Howard,1,27
single,John_Howard,0,29
vote5,John_Howard,1,9
vote5,John_Howard,1,18
vote5,John_Howard,1,19
vote5,John_Howard,1,19
vote5,John_Howard,1,15
single,John_Kerry,0,30
single,John_Kerry,1,25
single,John_Kerry,1,25
single,John_Kerry,1,25
vote5,John_Kerry,1,10
vote5,John_Kerry,1,21
vote5,John_Kerry,1,10
vote5,John_Kerry,1,9
vote5,John_Kerry,1,13
single,John_Manley,1,27
single,John_Manley,0,29
single,John_Manley,0,29
single,John_Manley,0,30
vote5,John_Manley,1,12
vote5,John_Manley,1,14
vote5,John_Manley,1,15
vote5,John_Manley,1,20
vote5,John_Manley,1,12
single,John_McCain,0,30
single,John_McCain,1,28
single,John_McCain,0,31
single,John_McCain,0,31
vote5,John_McCain,1,19
vote5,John_McCain,1,13
vote5,John_McCain,1,18
vote5,John_McCain,1,13
vote5,John_McCain,1,18
single,John_Negroponte,1,25
single,John_Negroponte,0,32
single,John_Negroponte,0,32
single,John_Negroponte,0,29
vote5,John_Negroponte,1,9
vote5,John_Negroponte,1,10
vote5,John_Negroponte,1,22
vote5,John_Negroponte,0,30
vote5,John_Negroponte,1,14
single,John_Snow,1,27
single,John_Snow,0,30
single,John_Snow,1,28
single,John_Snow,1,26
vote5,John_Snow,1,14
vote5,John_Snow,1,12
vote5,John_Snow,1,14
vote5,John_Snow,1,19
vote5,John_Snow,1,9
single,John_Stockton,0,30
single,John_Stockton,0,30
single,John_Stockton,0,29
single,John_Stockton,0,29
vote5,John_Stockton,1,17
vote5,John_Stockton,1,15
vote5,John_Stockton,1,17
vote5,John_Stockton,1,13
vote5,John_Stockton,1,8
single,John_Travolta,1,23
single,John_Travolta,0,30
single,John_Travolta,0,31
single,John_Travolta,0,29
vote5,John_Travolta,1,6
vote5,John_Travolta,1,13
vote5,John_Travolta,1,22
vote5,John_Travolta,1,13
vote5,John_Travolta,1,22
single,Jon_Gruden,1,28
single,Jon_Gruden,0,31
single,Jon_Gruden,0,31
single,Jon_Gruden,0,30
vote5,Jon_Gruden,1,20
vote5,Jon_Gruden,1,14
vote5,Jon_Gruden,1,19
vote5,Jon_Gruden,1,19
vote5,Jon_Gruden,1,20
single,Jonathan_Edwards,0,31
single,Jonathan_Edwards,1,28
single,Jonathan_Edwards,0,30
single,Jonathan_Edwards,1,28
vote5,Jonathan_Edwards,1,15
vote5,Jonathan_Edwards,1,25
vote5,Jonathan_Edwards,1,5
vote5,Jonathan_Edwards,1,12
vote5,Jonathan_Edwards,1,11
single,Joschka_Fischer,0,29
single,Joschka_Fischer,1,28
single,Joschka_Fischer,0,31
single,Joschka_Fischer,1,26
vote5,Joschka_Fischer,1,12
vote5,Joschka_Fischer,1,17
vote5,Joschka_Fischer,1,16
vote5,Joschka_Fischer,1,22
vote5,Joschka_Fischer,1,15
single,Jose_Manuel_Durao_Barroso,0,30
single,Jose_Manuel_Durao_Barroso,1,28
single,Jose_Manuel_Durao_Barroso,1,27
single,Jose_Manuel_Durao_Barroso,1,28
vote5,Jose_Manuel_Durao_Barroso,1,18
vote5,Jose_Manuel_Durao_Barroso,1,19
vote5,Jose_Manuel_Durao_Barroso,1,13
vote5,Jose_Manuel_Durao_Barroso,1,9
vote5,Jose_Manuel_Durao_Barroso,1,12
single,Jose_Maria_Aznar,1,28
single,Jose_Maria_Aznar,1,25
single,Jose_Maria_Aznar,0,31
single,Jose_Maria_Aznar,1,24
vote5,Jose_Maria_Aznar,1,11
vote5,Jose_Maria_Aznar,1,19
vote5,Jose_Maria_Aznar,1,8
vote5,Jose_Maria_Aznar,1,17
vote5,Jose_Maria_Aznar,1,11
single,Jose_Serra,0,31
single,Jose_Serra,0,29
single,Jose_Serra,0,29
single,Jose_Serra,0,32
vote5,Jose_Serra,1,17
vote5,Jose_Serra,1,11
vote5,Jose_Serra,1,16
vote5,Jose_Serra,1,14
vote5,Jose_Serra,1,15
single,Joseph_Biden,0,32
single,Joseph_Biden,0,29
single,Joseph_Biden,0,29
single,Joseph_Biden,1,27
vote5,Joseph_Biden,1,17
vote5,Joseph_Biden,1,21
vote5,Joseph_Biden,1,9
vote5,Joseph_Biden,1,14
vote5,Joseph_Biden,1,10
single,Juan_Carlos_Ferrero,0,29
single,Juan_Carlos_Ferrero,0,29
single,Juan_Carlos_Ferrero,1,27
single,Juan_Carlos_Ferrero,0,29
vote5,Juan_Carlos_Ferrero,1,15
vote5,Juan_Carlos_Ferrero,1,14
vote5,Juan_Carlos_Ferrero,1,19
vote5,Juan_Carlos_Ferrero,1,15
vote5,Juan_Carlos_Ferrero,1,20
single,Juan_Pablo_Montoya,0,29
single,Juan_Pablo_Montoya,1,28
single,Juan_Pablo_Montoya,0,32
single,Juan_Pablo_Montoya,0,31
vote5,Juan_Pablo_Montoya,1,17
vote5,Juan_Pablo_Montoya,1,14
vote5,Juan_Pablo_Montoya,1,12
vote5,Juan_Pablo_Montoya,1,19
vote5,Juan_Pablo_Montoya,1,18
single,Julianne_Moore,0,31
single,Julianne_Moore,0,29
single,Julianne_Moore,0,31
single,Julianne_Moore,1,28
vote5,Julianne_Moore,1,25
vote5,Julianne_Moore,1,18
vote5,Julianne_Moore,1,14
vote5,Julianne_Moore,1,16
vote5,Julianne_Moore,1,11
single,Julie_Gerberding,1,27
single,Julie_Gerberding,0,30
single,Julie_Gerberding,0,29
single,Julie_Gerberding,1,28
vote5,Julie_Gerberding,1,19
vote5,Julie_Gerberding,1,9
vote5,Julie_Gerberding,1,17
vote5,Julie_Gerberding,1,15
vote5,Julie_Gerberding,1,12
single,Junichiro_Koizumi,0,29
single,Junichiro_Koizumi,0,29
single,Junichiro_Koizumi,0,30
single,Junichiro_Koizumi,0,29
vote5,Junichiro_Koizumi,1,12
vote5,Junichiro_Koizumi,1,19
vote5,Junichiro_Koizumi,1,14
vote5,Junichiro_Koizumi,1,15
vote5,Junichiro_Koizumi,1,16
single,Justin_Timberlake,0,32
single,Justin_Timberlake,0,29
single,Justin_Timberlake,0,32
single,Justin_Timberlake,0,31
vote5,Justin_Timberlake,1,24
vote5,Justin_Timberlake,1,18
vote5,Justin_Timberlake,1,10
vote5,Justin_Timberlake,1,17
vote5,Justin_Timberlake,1,15
single,Justine_Pasek,0,32
single,Justine_Pasek,0,29
single,Justine_Pasek,1,28
single,Justine_Pasek,0,30
vote5,Justine_Pasek,1,18
vote5,Justine_Pasek,1,11
vote5,Justine_Pasek,1,8
vote5,Justine_Pasek,1,10
vote5,Justine_Pasek,1,22
single,Kalpana_Chawla,1,26
single,Kalpana_Chawla,1,28
single,Kalpana_Chawla,1,26
single,Kalpana_Chawla,1,28
vote5,Kalpana_Chawla,1,14
vote5,Kalpana_Chawla,1,12
vote5,Kalpana_Chawla,1,19
vote5,Kalpana_Chawla,1,12
vote5,Kalpana_Chawla,1,15
single,Kamal_Kharrazi,1,27
single,Kamal_Kharrazi,0,29
single,Kamal_Kharrazi,1,28
single,Kamal_Kharrazi,1,27
vote5,Kamal_Kharrazi,1,14
vote5,Kamal_Kharrazi,1,17
vote5,Kamal_Kharrazi,1,6
vote5,Kamal_Kharrazi,1,17
vote5,Kamal_Kharrazi,1,8
single,Kate_Hudson,0,32
single,Kate_Hudson,0,32
single,Kate_Hudson,0,30
single,Kate_Hudson,0,30
vote5,Kate_Hudson,1,18
vote5,Kate_Hudson,0,31
vote5,Kate_Hudson,1,16
vote5,Kate_Hudson,1,7
vote5,Kate_Hudson,1,10
single,Keanu_Reeves,0,29
single,Keanu_Reeves,0,30
single,Keanu_Reeves,0,30
single,Keanu_Reeves,0,31
vote5,Keanu_Reeves,1,14
vote5,Keanu_Reeves,1,13
vote5,Keanu_Reeves,1,15
vote5,Keanu_Reeves,1,17
vote5,Keanu_Reeves,1,24
single,Kevin_Costner,0,30
single,Kevin_Costner,1,28
single,Kevin_Costner,0,30
single,Kevin_Costner,0,32
vote5,Kevin_Costner,1,14
vote5,Kevin_Costner,1,25
vote5,Kevin_Costner,1,17
vote5,Kevin_Costner,1,13
vote5,Kevin_Costner,1,22
single,Kevin_Spacey,1,26
single,Kevin_Spacey,1,28
single,Kevin_Spacey,0,30
single,Kevin_Spacey,1,28
vote5,Kevin_Spacey,1,14
vote5,Kevin_Spacey,1,11
vote5,Kevin_Spacey,1,10
vote5,Kevin_Spacey,1,16
vote5,Kevin_Spacey,1,20
single,Kim_Clijsters,0,31
single,Kim_Clijsters,0,31
single,Kim_Clijsters,0,31
single,Kim_Clijsters,0,30
vote5,Kim_Clijsters,1,26
vote5,Kim_Clijsters,1,19
vote5,Kim_Clijsters,1,17
vote5,Kim_Clijsters,1,8
vote5,Kim_Clijsters,1,7
single,Kim_Dae-jung,0,30
single,Kim_Dae-jung,0,29
single,Kim_Dae-jung,0,30
single,Kim_Dae-jung,1,25
vote5,Kim_Dae-jung,1,12
vote5,Kim_Dae-jung,1,24
vote5,Kim_Dae-jung,1,15
vote5,Kim_Dae-jung,1,13
vote5,Kim_Dae-jung,1,15
single,Kim_Ryong-sung,1,26
single,Kim_Ryong-sung,0,29
single,Kim_Ryong-sung,0,31
single,Kim_Ryong-sung,1,26
vote5,Kim_Ryong-sung,1,14
vote5,Kim_Ryong-sung,1,7
vote5,Kim_Ryong-sung,1,17
vote5,Kim_Ryong-sung,1,19
vote5,Kim_Ryong-sung,1,12
single,King_Abdullah_II,0,31
single,King_Abdullah_II,0,31
single,King_Abdullah_II,0,29
single,King_Abdullah_II,1,28
vote5,King_Abdullah_II,1,10
vote5,King_Abdullah_II,1,15
vote5,King_Abdullah_II,1,17
vote5,King_Abdullah_II,1,12
vote5,King_Abdullah_II,1,18
single,Kofi_Annan,1,28
single,Kofi_Annan,1,26
single,Kofi_Annan,0,32
single,Kofi_Annan,0,31
vote5,Kofi_Annan,1,12
vote5,Kofi_Annan,1,12
vote5,Kofi_Annan,1,9
vote5,Kofi_Annan,0,32
vote5,Kofi_Annan,1,8
single,Kristanna_Loken,0,31
single,Kristanna_Loken,0,29
single,Kristanna_Loken,0,29
single,Kristanna_Loken,0,31
vote5,Kristanna_Loken,1,10
vote5,Kristanna_Loken,1,11
vote5,Kristanna_Loken,1,23
vote5,Kristanna_Loken,1,17
vote5,Kristanna_Loken,1,17
single,Kurt_Warner,0,29
single,Kurt_Warner,0,31
single,Kurt_Warner,0,30
single,Kurt_Warner,0,30
vote5,Kurt_Warner,1,20
vote5,Kurt_Warner,1,8
vote5,Kurt_Warner,1,21
vote5,Kurt_Warner,1,12
vote5,Kurt_Warner,1,13
single,Lance_Armstrong,1,26
single,Lance_Armstrong,0,31
single,Lance_Armstrong,0,29
single,Lance_Armstrong,0,31
vote5,Lance_Armstrong,1,10
vote5,Lance_Armstrong,1,13
vote5,Lance_Armstrong,1,20
vote5,Lance_Armstrong,1,12
vote5,Lance_Armstrong,1,18
single,Lance_Bass,1,28
single,Lance_Bass,0,29
single,Lance_Bass,1,28
single,Lance_Bass,1,24
vote5,Lance_Bass,1,11
vote5,Lance_Bass,1,16
vote5,Lance_Bass,1,14
vote5,Lance_Bass,1,15
vote5,Lance_Bass,1,15
single,Larry_Brown,0,32
single,Larry_Brown,0,32
single,Larry_Brown,0,30
single,Larry_Brown,0,29
vote5,Larry_Brown,1,18
vote5,Larry_Brown,1,14
vote5,Larry_Brown,1,28
vote5,Larry_Brown,1,17
vote5,Larry_Brown,1,9
single,Laura_Bush,0,32
single,Laura_Bush,0,30
single,Laura_Bush,0,31
single,Laura_Bush,0,31
vote5,Laura_Bush,1,20
vote5,Laura_Bush,1,18
vote5,Laura_Bush,1,18
vote5,Laura_Bush,1,15
vote5,Laura_Bush,1,14
single,LeBron_James,1,26
single,LeBron_James,0,30
single,LeBron_James,0,31
single,LeBron_James,0,30
vote5,LeBron_James,1,14
vote5,LeBron_James,1,13
vote5,LeBron_James,1,13
vote5,LeBron_James,1,21
vote5,LeBron_James,1,20
single,Leonardo_DiCaprio,1,25
single,Leonardo_DiCaprio,0,30
single,Leonardo_DiCaprio,0,30
single,Leonardo_DiCaprio,0,32
vote5,Leonardo_DiCaprio,1,13
vote5,Leonardo_DiCaprio,1,13
vote5,Leonardo_DiCaprio,1,10
vote5,Leonardo_DiCaprio,1,12
vote5,Leonardo_DiCaprio,1,20
single,Leonid_Kuchma,0,30
single,Leonid_Kuchma,0,29
single,Leonid_Kuchma,1,28
single,Leonid_Kuchma,1,27
vote5,Leonid_Kuchma,1,13
vote5,Leonid_Kuchma,1,15
vote5,Leonid_Kuchma,1,9
vote5,Leonid_Kuchma,1,15
vote5,Leonid_Kuchma,1,17
single,Li_Peng,1,27
single,Li_Peng,1,26
single,Li_Peng,1,25
single,Li_Peng,1,26
vote5,Li_Peng,1,13
vote5,Li_Peng,1,19
vote5,Li_Peng,1,11
vote5,Li_Peng,1,16
vote5,Li_Peng,1,16
single,Li_Zhaoxing,0,31
single,Li_Zhaoxing,0,32
single,Li_Zhaoxing,0,32
single,Li_Zhaoxing,0,31
vote5,Li_Zhaoxing,1,17
vote5,Li_Zhaoxing,1,9
vote5,Li_Zhaoxing,1,13
vote5,Li_Zhaoxing,0,30
vote5,Li_Zhaoxing,1,7
single,Lindsay_Davenport,0,31
single,Lindsay_Davenport,1,28
single,Lindsay_Davenport,1,28
single,Lindsay_Davenport,0,30
vote5,Lindsay_Davenport,1,11
vote5,Lindsay_Davenport,1,20
vote5,Lindsay_Davenport,1,22
vote5,Lindsay_Davenport,1,12
vote5,Lindsay_Davenport,1,21
single,Liza_Minnelli,0,29
single,Liza_Minnelli,0,29
single,Liza_Minnelli,0,30
single,Liza_Minnelli,0,32
vote5,Liza_Minnelli,1,16
vote5,Liza_Minnelli,1,13
vote5,Liza_Minnelli,1,11
vote5,Liza_Minnelli,1,16
vote5,Liza_Minnelli,1,20
single,Lleyton_Hewitt,1,27
single,Lleyton_Hewitt,0,31
single,Lleyton_Hewitt,0,30
single,Lleyton_Hewitt,0,31
vote5,Lleyton_Hewitt,1,15
vote5,Lleyton_Hewitt,1,18
vote5,Lleyton_Hewitt,1,16
vote5,Lleyton_Hewitt,1,10
vote5,Lleyton_Hewitt,1,19
single,Lucio_Gutierrez,1,27
single,Lucio_Gutierrez,0,31
single,Lucio_Gutierrez,1,26
single,Lucio_Gutierrez,0,29
vote5,Lucio_Gutierrez,1,12
vote5,Lucio_Gutierrez,1,22
vote5,Lucio_Gutierrez,1,19
vote5,Lucio_Gutierrez,1,14
vote5,Lucio_Gutierrez,1,11
single,Lucy_Liu,0,32
single,Lucy_Liu,0,29
single,Lucy_Liu,0,31
single,Lucy_Liu,0,31
vote5,Lucy_Liu,1,22
vote5,Lucy_Liu,1,15
vote5,Lucy_Liu,1,9
vote5,Lucy_Liu,1,21
vote5,Lucy_Liu,1,17
single,Ludivine_Sagnier,0,30
single,Ludivine_Sagnier,0,29
single,Ludivine_Sagnier,0,30
single,Ludivine_Sagnier,0,31
vote5,Ludivine_Sagnier,1,24
vote5,Ludivine_Sagnier,1,12
vote5,Ludivine_Sagnier,1,12
vote5,Ludivine_Sagnier,1,17
vote5,Ludivine_Sagnier,1,16
single,Luis_Ernesto_Derbez_Bautista,1,27
single,Luis_Ernesto_Derbez_Bautista,1,28
single,Luis_Ernesto_Derbez_Bautista,0,29
single,Luis_Ernesto_Derbez_Bautista,0,30
vote5,Luis_Ernesto_Derbez_Bautista,1,9
vote5,Luis_Ernesto_Derbez_Bautista,1,12
vote5,Luis_Ernesto_Derbez_Bautista,1,19
vote5,Luis_Ernesto_Derbez_Bautista,1,13
vote5,Luis_Ernesto_Derbez_Bautista,1,14
single,Luis_Gonzalez_Macchi,0,32
single,Luis_Gonzalez_Macchi,0,31
single,Luis_Gonzalez_Macchi,0,32
single,Luis_Gonzalez_Macchi,0,29
vote5,Luis_Gonzalez_Macchi,1,19
vote5,Luis_Gonzalez_Macchi,1,18
vote5,Luis_Gonzalez_Macchi,1,10
vote5,Luis_Gonzalez_Macchi,1,20
vote5,Luis_Gonzalez_Macchi,1,14
single,Luis_Horna,0,32
single,Luis_Horna,1,28
single,Luis_Horna,1,28
single,Luis_Horna,0,29
vote5,Luis_Horna,1,11
vote5,Luis_Horna,1,27
vote5,Luis_Horna,1,13
vote5,Luis_Horna,1,13
vote5,Luis_Horna,1,11
single,Luiz_Inacio_Lula_da_Silva,1,28
single,Luiz_Inacio_Lula_da_Silva,0,32
single,Luiz_Inacio_Lula_da_Silva,1,28
single,Luiz_Inacio_Lula_da_Silva,0,31
vote5,Luiz_Inacio_Lula_da_Silva,1,11
vote5,Luiz_Inacio_Lula_da_Silva,1,14
vote5,Luiz_Inacio_Lula_da_Silva,1,12
vote5,Luiz_Inacio_Lula_da_Silva,1,17
vote5,Luiz_Inacio_Lula_da_Silva,1,14
single,Madonna,0,32
single,Madonna,0,31
single,Madonna,0,32
single,Madonna,0,29
vote5,Madonna,1,14
vote5,Madonna,1,14
vote5,Madonna,1,21
vote5,Madonna,0,31
vote5,Madonna,1,14
single,Mahathir_Mohamad,0,30
single,Mahathir_Mohamad,0,31
single,Mahathir_Mohamad,1,28
single,Mahathir_Mohamad,0,30
vote5,Mahathir_Mohamad,1,15
vote5,Mahathir_Mohamad,1,16
vote5,Mahathir_Mohamad,1,19
vote5,Mahathir_Mohamad,1,17
vote5,Mahathir_Mohamad,1,16
single,Mahmoud_Abbas,0,30
single,Mahmoud_Abbas,0,29
single,Mahmoud_Abbas,1,28
single,Mahmoud_Abbas,0,31
vote5,Mahmoud_Abbas,1,14
vote5,Mahmoud_Abbas,1,23
vote5,Mahmoud_Abbas,1,16
vote5,Mahmoud_Abbas,1,14
vote5,Mahmoud_Abbas,1,21
single,Marcelo_Rios,0,29
single,Marcelo_Rios,1,27
single,Marcelo_Rios,1,27
single,Marcelo_Rios,0,32
vote5,Marcelo_Rios,1,15
vote5,Marcelo_Rios,1,18
vote5,Marcelo_Rios,1,9
vote5,Marcelo_Rios,1,11
vote5,Marcelo_Rios,1,17
single,Marco_Antonio_Barrera,0,30
single,Marco_Antonio_Barrera,0,31
single,Marco_Antonio_Barrera,0,32
single,Marco_Antonio_Barrera,0,32
vote5,Marco_Antonio_Barrera,1,21
vote5,Marco_Antonio_Barrera,1,4
vote5,Marco_Antonio_Barrera,1,17
vote5,Marco_Antonio_Barrera,1,17
vote5,Marco_Antonio_Barrera,1,19
single,Maria_Shriver,0,30
single,Maria_Shriver,0,30
single,Maria_Shriver,0,31
single,Maria_Shriver,0,32
vote5,Maria_Shriver,1,18
vote5,Maria_Shriver,1,15
vote5,Maria_Shriver,1,10
vote5,Maria_Shriver,1,16
vote5,Maria_Shriver,1,19
single,Maria_Soledad_Alvear_Valenzuela,0,30
single,Maria_Soledad_Alvear_Valenzuela,0,30
single,Maria_Soledad_Alvear_Valenzuela,0,31
single,Maria_Soledad_Alvear_Valenzuela,1,28
vote5,Maria_Soledad_Alvear_Valenzuela,1,17
vote5,Maria_Soledad_Alvear_Valenzuela,1,23
vote5,Maria_Soledad_Alvear_Valenzuela,1,14
vote5,Maria_Soledad_Alvear_Valenzuela,1,12
vote5,Maria_Soledad_Alvear_Valenzuela,1,11
single,Mariah_Carey,0,30
single,Mariah_Carey,0,30
single,Mariah_Carey,0,29
single,Mariah_Carey,0,32
vote5,Mariah_Carey,1,14
vote5,Mariah_Carey,1,16
vote5,Mariah_Carey,1,16
vote5,Mariah_Carey,1,15
vote5,Mariah_Carey,1,13
single,Mark_Hurlbert,0,29
single,Mark_Hurlbert,1,28
single,Mark_Hurlbert,0,32
single,Mark_Hurlbert,1,28
vote5,Mark_Hurlbert,1,15
vote5,Mark_Hurlbert,1,10
vote5,Mark_Hurlbert,1,11
vote5,Mark_Hurlbert,0,32
vote5,Mark_Hurlbert,1,15
single,Mark_Philippoussis,1,28
single,Mark_Philippoussis,0,31
single,Mark_Philippoussis,0,31
single,Mark_Philippoussis,0,30
vote5,Mark_Philippoussis,1,18
vote5,Mark_Philippoussis,1,14
vote5,Mark_Philippoussis,1,14
vote5,Mark_Philippoussis,1,23
vote5,Mark_Philippoussis,1,16
single,Martha_Stewart,0,32
single,Martha_Stewart,0,31
single,Martha_Stewart,0,31
single,Martha_Stewart,0,32
vote5,Martha_Stewart,1,27
vote5,Martha_Stewart,1,11
vote5,Martha_Stewart,1,10
vote5,Martha_Stewart,1,7
vote5,Martha_Stewart,1,15
single,Martin_McGuinness,1,26
single,Martin_McGuinness,1,26
single,Martin_McGuinness,0,29
single,Martin_McGuinness,0,29
vote5,Martin_McGuinness,1,11
vote5,Martin_McGuinness,1,18
vote5,Martin_McGuinness,1,11
vote5,Martin_McGuinness,1,15
vote5,Martin_McGuinness,1,21
single,Martin_Scorsese,1,24
single,Martin_Scorsese,1,28
single,Martin_Scorsese,0,30
single,Martin_Scorsese,1,28
vote5,Martin_Scorsese,1,15
vote5,Martin_Scorsese,1,15
vote5,Martin_Scorsese,1,17
vote5,Martin_Scorsese,1,13
vote5,Martin_Scorsese,1,10
single,Martina_McBride,1,28
single,Martina_McBride,0,30
single,Martina_McBride,1,27
single,Martina_McBride,0,30
vote5,Martina_McBride,1,18
vote5,Martina_McBride,1,18
vote5,Martina_McBride,1,15
vote5,Martina_McBride,1,11
vote5,Martina_McBride,1,16
single,Matthew_Perry,0,30
single,Matthew_Perry,0,32
single,Matthew_Perry,1,27
single,Matthew_Perry,0,32
vote5,Matthew_Perry,1,14
vote5,Matthew_Perry,1,8
vote5,Matthew_Perry,1,24
vote5,Matthew_Perry,1,14
vote5,Matthew_Perry,1,28
single,Megawati_Sukarnoputri,0,32
single,Megawati_Sukarnoputri,0,32
single,Megawati_Sukarnoputri,0,30
single,Megawati_Sukarnoputri,0,29
vote5,Megawati_Sukarnoputri,1,26
vote5,Megawati_Sukarnoputri,1,16
vote5,Megawati_Sukarnoputri,1,15
vote5,Megawati_Sukarnoputri,1,12
vote5,Megawati_Sukarnoputri,1,11
single,Meryl_Streep,1,27
single,Meryl_Streep,0,30
single,Meryl_Streep,1,28
single,Meryl_Streep,1,28
vote5,Meryl_Streep,1,14
vote5,Meryl_Streep,1,13
vote5,Meryl_Streep,1,17
vote5,Meryl_Streep,1,18
vote5,Meryl_Streep,1,13
single,Michael_Bloomberg,0,29
single,Michael_Bloomberg,0,31
single,Michael_Bloomberg,0,30
single,Michael_Bloomberg,0,29
vote5,Michael_Bloomberg,1,15
vote5,Michael_Bloomberg,1,9
vote5,Michael_Bloomberg,1,15
vote5,Michael_Bloomberg,1,17
vote5,Michael_Bloomberg,1,15
single,Michael_Chang,0,31
single,Michael_Chang,0,30
single,Michael_Chang,1,27
single,Michael_Chang,0,31
vote5,Michael_Chang,1,23
vote5,Michael_Chang,1,9
vote5,Michael_Chang,1,19
vote5,Michael_Chang,1,16
vote5,Michael_Chang,1,24
single,Michael_Chiklis,1,28
single,Michael_Chiklis,0,29
single,Michael_Chiklis,1,28
single,Michael_Chiklis,0,29
vote5,Michael_Chiklis,1,6
vote5,Michael_Chiklis,1,12
vote5,Michael_Chiklis,1,22
vote5,Michael_Chiklis,1,19
vote5,Michael_Chiklis,1,18
single,Michael_Douglas,0,31
single,Michael_Douglas,0,30
single,Michael_Douglas,0,30
single,Michael_Douglas,1,27
vote5,Michael_Douglas,1,14
vote5,Michael_Douglas,1,15
vote5,Michael_Douglas,1,16
vote5,Michael_Douglas,1,18
vote5,Michael_Douglas,1,10
single,Michael_Phelps,0,30
single,Michael_Phelps,0,32
single,Michael_Phelps,0,31
single,Michael_Phelps,0,32
vote5,Michael_Phelps,1,17
vote5,Michael_Phelps,1,18
vote5,Michael_Phelps,1,14
vote5,Michael_Phelps,1,7
vote5,Michael_Phelps,1,15
single,Michael_Powell,0,31
single,Michael_Powell,0,30
single,Michael_Powell,0,31
single,Michael_Powell,0,31
vote5,Michael_Powell,1,23
vote5,Michael_Powell,1,11
vote5,Michael_Powell,1,17
vote5,Michael_Powell,1,14
vote5,Michael_Powell,1,22
single,Michael_Schumacher,0,31
single,Michael_Schumacher,1,27
single,Michael_Schumacher,0,30
single,Michael_Schumacher,0,29
vote5,Michael_Schumacher,1,12
vote5,Michael_Schumacher,1,18
vote5,Michael_Schumacher,1,19
vote5,Michael_Schumacher,1,17
vote5,Michael_Schumacher,1,18
single,Michelle_Kwan,0,30
single,Michelle_Kwan,0,30
single,Michelle_Kwan,0,32
single,Michelle_Kwan,0,31
vote5,Michelle_Kwan,1,16
vote5,Michelle_Kwan,1,23
vote5,Michelle_Kwan,1,16
vote5,Michelle_Kwan,1,17
vote5,Michelle_Kwan,1,14
single,Michelle_Yeoh,0,31
single,Michelle_Yeoh,0,31
single,Michelle_Yeoh,0,31
single,Michelle_Yeoh,0,32
vote5,Michelle_Yeoh,1,16
vote5,Michelle_Yeoh,1,20
vote5,Michelle_Yeoh,1,12
vote5,Michelle_Yeoh,1,14
vote5,Michelle_Yeoh,1,17
single,Mick_Jagger,1,26
single,Mick_Jagger,1,28
single,Mick_Jagger,0,30
single,Mick_Jagger,1,27
vote5,Mick_Jagger,1,10
vote5,Mick_Jagger,1,20
vote5,Mick_Jagger,1,12
vote5,Mick_Jagger,1,18
vote5,Mick_Jagger,1,14
single,Mike_Krzyzewski,0,29
single,Mike_Krzyzewski,1,28
single,Mike_Krzyzewski,0,31
single,Mike_Krzyzewski,0,29
vote5,Mike_Krzyzewski,1,12
vote5,Mike_Krzyzewski,1,15
vote5,Mike_Krzyzewski,1,16
vote5,Mike_Krzyzewski,1,17
vote5,Mike_Krzyzewski,1,22
single,Mike_Martz,0,30
single,Mike_Martz,1,28
single,Mike_Martz,1,26
single,Mike_Martz,1,23
vote5,Mike_Martz,1,7
vote5,Mike_Martz,1,15
vote5,Mike_Martz,1,22
vote5,Mike_Martz,1,13
vote5,Mike_Martz,1,8
single,Mike_Myers,1,28
single,Mike_Myers,0,30
single,Mike_Myers,1,26
single,Mike_Myers,0,29
vote5,Mike_Myers,1,18
vote5,Mike_Myers,1,15
vote5,Mike_Myers,1,18
vote5,Mike_Myers,1,10
vote5,Mike_Myers,1,22
single,Mike_Weir,0,32
single,Mike_Weir,0,30
single,Mike_Weir,0,31
single,Mike_Weir,0,31
vote5,Mike_Weir,1,17
vote5,Mike_Weir,1,12
vote5,Mike_Weir,1,17
vote5,Mike_Weir,1,15
vote5,Mike_Weir,1,12
single,Mireya_Moscoso,0,32
single,Mireya_Moscoso,0,30
single,Mireya_Moscoso,0,32
single,Mireya_Moscoso,0,29
vote5,Mireya_Moscoso,1,25
vote5,Mireya_Moscoso,1,6
vote5,Mireya_Moscoso,1,14
vote5,Mireya_Moscoso,1,16
vote5,Mireya_Moscoso,1,16
single,Mohamed_ElBaradei,0,31
single,Mohamed_ElBaradei,0,32
single,Mohamed_ElBaradei,0,31
single,Mohamed_ElBaradei,0,31
vote5,Mohamed_ElBaradei,1,19
vote5,Mohamed_ElBaradei,1,16
vote5,Mohamed_ElBaradei,1,9
vote5,Mohamed_ElBaradei,1,17
vote5,Mohamed_ElBaradei,1,16
single,Mohammad_Khatami,0,30
single,Mohammad_Khatami,0,30
single,Mohammad_Khatami,0,29
single,Mohammad_Khatami,1,28
vote5,Mohammad_Khatami,1,15
vote5,Mohammad_Khatami,1,13
vote5,Mohammad_Khatami,1,15
vote5,Mohammad_Khatami,1,18
vote5,Mohammad_Khatami,1,13
single,Mohammed_Al-Douri,0,29
single,Mohammed_Al-Douri,0,29
single,Mohammed_Al-Douri,0,31
single,Mohammed_Al-Douri,1,25
vote5,Mohammed_Al-Douri,1,12
vote5,Mohammed_Al-Douri,1,20
vote5,Mohammed_Al-Douri,1,16
vote5,Mohammed_Al-Douri,1,16
vote5,Mohammed_Al-Douri,1,11
single,Monica_Seles,0,32
single,Monica_Seles,0,32
single,Monica_Seles,0,32
single,Monica_Seles,0,31
vote5,Monica_Seles,1,26
vote5,Monica_Seles,1,11
vote5,Monica_Seles,1,19
vote5,Monica_Seles,1,8
vote5,Monica_Seles,1,8
single,Muhammad_Ali,0,30
single,Muhammad_Ali,0,31
single,Muhammad_Ali,0,31
single,Muhammad_Ali,0,32
vote5,Muhammad_Ali,1,24
vote5,Muhammad_Ali,1,17
vote5,Muhammad_Ali,1,15
vote5,Muhammad_Ali,1,8
vote5,Muhammad_Ali,1,13
single,Muhammad_Saeed_al-Sahhaf,1,27
single,Muhammad_Saeed_al-Sahhaf,0,30
single,Muhammad_Saeed_al-Sahhaf,0,31
single,Muhammad_Saeed_al-Sahhaf,0,31
vote5,Muhammad_Saeed_al-Sahhaf,1,16
vote5,Muhammad_Saeed_al-Sahhaf,1,12
vote5,Muhammad_Saeed_al-Sahhaf,1,20
vote5,Muhammad_Saeed_al-Sahhaf,1,18
vote5,Muhammad_Saeed_al-Sahhaf,1,17
single,Naji_Sabri,0,32
single,Naji_Sabri,0,29
single,Naji_Sabri,0,29
single,Naji_Sabri,1,24
vote5,Naji_Sabri,1,11
vote5,Naji_Sabri,0,31
vote5,Naji_Sabri,1,10
vote5,Naji_Sabri,1,16
vote5,Naji_Sabri,1,2
single,Nancy_Pelosi,1,28
single,Nancy_Pelosi,1,28
single,Nancy_Pelosi,1,26
single,Nancy_Pelosi,0,30
vote5,Nancy_Pelosi,1,15
vote5,Nancy_Pelosi,1,15
vote5,Nancy_Pelosi,1,13
vote5,Nancy_Pelosi,1,16
vote5,Nancy_Pelosi,1,13
single,Naomi_Watts,0,31
single,Naomi_Watts,0,32
single,Naomi_Watts,0,29
single,Naomi_Watts,0,31
vote5,Naomi_Watts,1,16
vote5,Naomi_Watts,1,13
vote5,Naomi_Watts,1,25
vote5,Naomi_Watts,1,10
vote5,Naomi_Watts,1,21
single,Natalie_Coughlin,0,29
single,Natalie_Coughlin,0,32
single,Natalie_Coughlin,0,32
single,Natalie_Coughlin,0,32
vote5,Natalie_Coughlin,1,24
vote5,Natalie_Coughlin,1,17
vote5,Natalie_Coughlin,1,20
vote5,Natalie_Coughlin,1,12
vote5,Natalie_Coughlin,1,7
single,Natalie_Maines,0,32
single,Natalie_Maines,1,28
single,Natalie_Maines,0,31
single,Natalie_Maines,1,27
vote5,Natalie_Maines,1,13
vote5,Natalie_Maines,1,20
vote5,Natalie_Maines,1,14
vote5,Natalie_Maines,1,14
vote5,Natalie_Maines,1,14
single,Nestor_Kirchner,0,30
single,Nestor_Kirchner,0,30
single,Nestor_Kirchner,1,28
single,Nestor_Kirchner,1,27
vote5,Nestor_Kirchner,1,13
vote5,Nestor_Kirchner,1,15
vote5,Nestor_Kirchner,1,10
vote5,Nestor_Kirchner,1,14
vote5,Nestor_Kirchner,1,13
single,Nia_Vardalos,1,27
single,Nia_Vardalos,0,31
single,Nia_Vardalos,0,31
single,Nia_Vardalos,1,27
vote5,Nia_Vardalos,1,9
vote5,Nia_Vardalos,1,15
vote5,Nia_Vardalos,1,24
vote5,Nia_Vardalos,1,17
vote5,Nia_Vardalos,1,7
single,Nicanor_Duarte_Frutos,1,28
single,Nicanor_Duarte_Frutos,0,29
single,Nicanor_Duarte_Frutos,0,29
single,Nicanor_Duarte_Frutos,0,31
vote5,Nicanor_Duarte_Frutos,1,11
vote5,Nicanor_Duarte_Frutos,1,15
vote5,Nicanor_Duarte_Frutos,1,15
vote5,Nicanor_Duarte_Frutos,1,14
vote5,Nicanor_Duarte_Frutos,1,14
single,Nick_Nolte,0,29
single,Nick_Nolte,0,29
single,Nick_Nolte,1,28
single,Nick_Nolte,0,30
vote5,Nick_Nolte,1,18
vote5,Nick_Nolte,1,14
vote5,Nick_Nolte,1,10
vote5,Nick_Nolte,1,17
vote5,Nick_Nolte,1,12
single,Nicole_Kidman,0,32
single,Nicole_Kidman,1,28
single,Nicole_Kidman,1,28
single,Nicole_Kidman,0,32
vote5,Nicole_Kidman,1,14
vote5,Nicole_Kidman,1,21
vote5,Nicole_Kidman,1,14
vote5,Nicole_Kidman,1,14
vote5,Nicole_Kidman,1,17
single,Norah_Jones,0,30
single,Norah_Jones,1,28
single,Norah_Jones,0,30
single,Norah_Jones,0,31
vote5,Norah_Jones,1,20
vote5,Norah_Jones,1,16
vote5,Norah_Jones,1,19
vote5,Norah_Jones,1,10
vote5,Norah_Jones,1,18
single,Norm_Coleman,0,31
single,Norm_Coleman,1,27
single,Norm_Coleman,0,30
single,Norm_Coleman,0,29
vote5,Norm_Coleman,1,18
vote5,Norm_Coleman,1,17
vote5,Norm_Coleman,1,14
vote5,Norm_Coleman,1,14
vote5,Norm_Coleman,1,18
single,Oscar_De_La_Hoya,0,31
single,Oscar_De_La_Hoya,0,32
single,Oscar_De_La_Hoya,0,30
single,Oscar_De_La_Hoya,0,30
vote5,Oscar_De_La_Hoya,1,13
vote5,Oscar_De_La_Hoya,1,11
vote5,Oscar_De_La_Hoya,1,15
vote5,Oscar_De_La_Hoya,1,23
vote5,Oscar_De_La_Hoya,1,20
single,Oswaldo_Paya,1,23
single,Oswaldo_Paya,0,31
single,Oswaldo_Paya,0,30
single,Oswaldo_Paya,0,30
vote5,Oswaldo_Paya,1,13
vote5,Oswaldo_Paya,1,8
vote5,Oswaldo_Paya,1,19
vote5,Oswaldo_Paya,1,23
vote5,Oswaldo_Paya,1,15
single,Pamela_Anderson,0,30
single,Pamela_Anderson,0,30
single,Pamela_Anderson,0,31
single,Pamela_Anderson,0,32
vote5,Pamela_Anderson,1,25
vote5,Pamela_Anderson,1,13
vote5,Pamela_Anderson,1,14
vote5,Pamela_Anderson,1,20
vote5,Pamela_Anderson,1,20
single,Paradorn_Srichaphan,1,26
single,Paradorn_Srichaphan,0,30
single,Paradorn_Srichaphan,0,30
single,Paradorn_Srichaphan,0,30
vote5,Paradorn_Srichaphan,1,9
vote5,Paradorn_Srichaphan,1,14
vote5,Paradorn_Srichaphan,1,13
vote5,Paradorn_Srichaphan,1,23
vote5,Paradorn_Srichaphan,1,21
single,Paul_Bremer,0,30
single,Paul_Bremer,0,30
single,Paul_Bremer,0,30
single,Paul_Bremer,0,30
vote5,Paul_Bremer,1,18
vote5,Paul_Bremer,1,23
vote5,Paul_Bremer,1,17
vote5,Paul_Bremer,1,10
vote5,Paul_Bremer,1,10
single,Paul_Burrell,0,30
single,Paul_Burrell,0,30
single,Paul_Burrell,1,27
single,Paul_Burrell,1,24
vote5,Paul_Burrell,1,12
vote5,Paul_Burrell,1,17
vote5,Paul_Burrell,1,14
vote5,Paul_Burrell,1,10
vote5,Paul_Burrell,1,12
single,Paul_Martin,0,31
single,Paul_Martin,0,31
single,Paul_Martin,0,32
single,Paul_Martin,0,32
vote5,Paul_Martin,1,23
vote5,Paul_Martin,1,16
vote5,Paul_Martin,1,18
vote5,Paul_Martin,1,14
vote5,Paul_Martin,1,17
single,Paul_McCartney,0,31
single,Paul_McCartney,1,28
single,Paul_McCartney,1,28
single,Paul_McCartney,1,26
vote5,Paul_McCartney,1,9
vote5,Paul_McCartney,1,15
vote5,Paul_McCartney,1,14
vote5,Paul_McCartney,1,9
vote5,Paul_McCartney,1,13
single,Paul_ONeill,1,25
single,Paul_ONeill,0,29
single,Paul_ONeill,1,27
single,Paul_ONeill,0,31
vote5,Paul_ONeill,1,12
vote5,Paul_ONeill,1,8
vote5,Paul_ONeill,1,9
vote5,Paul_ONeill,1,13
vote5,Paul_ONeill,1,12
single,Paul_Wolfowitz,0,30
single,Paul_Wolfowitz,1,28
single,Paul_Wolfowitz,0,29
single,Paul_Wolfowitz,0,30
vote5,Paul_Wolfowitz,1,15
vote5,Paul_Wolfowitz,1,12
vote5,Paul_Wolfowitz,1,16
vote5,Paul_Wolfowitz,1,20
vote5,Paul_Wolfowitz,1,12
single,Paula_Radcliffe,1,28
single,Paula_Radcliffe,0,30
single,Paula_Radcliffe,0,31
single,Paula_Radcliffe,0,31
vote5,Paula_Radcliffe,1,11
vote5,Paula_Radcliffe,1,8
vote5,Paula_Radcliffe,1,19
vote5,Paula_Radcliffe,0,30
vote5,Paula_Radcliffe,1,19
single,Pedro_Almodovar,1,26
single,Pedro_Almodovar,0,31
single,Pedro_Almodovar,0,30
single,Pedro_Almodovar,1,26
vote5,Pedro_Almodovar,1,13
vote5,Pedro_Almodovar,1,19
vote5,Pedro_Almodovar,1,23
vote5,Pedro_Almodovar,1,15
vote5,Pedro_Almodovar,1,12
single,Pedro_Malan,0,32
single,Pedro_Malan,0,30
single,Pedro_Malan,0,30
single,Pedro_Malan,0,32
vote5,Pedro_Malan,1,16
vote5,Pedro_Malan,1,18
vote5,Pedro_Malan,1,14
vote5,Pedro_Malan,1,11
vote5,Pedro_Malan,1,22
single,Pervez_Musharraf,1,27
single,Pervez_Musharraf,1,28
single,Pervez_Musharraf,0,30
single,Pervez_Musharraf,0,29
vote5,Pervez_Musharraf,1,15
vote5,Pervez_Musharraf,1,18
vote5,Pervez_Musharraf,1,9
vote5,Pervez_Musharraf,1,16
vote5,Pervez_Musharraf,1,13
single,Pete_Sampras,1,28
single,Pete_Sampras,1,28
single,Pete_Sampras,1,27
single,Pete_Sampras,1,28
vote5,Pete_Sampras,1,11
vote5,Pete_Sampras,1,14
vote5,Pete_Sampras,1,17
vote5,Pete_Sampras,1,13
vote5,Pete_Sampras,1,19
single,Peter_Struck,0,30
single,Peter_Struck,0,32
single,Peter_Struck,0,29
single,Peter_Struck,0,30
vote5,Peter_Struck,1,11
vote5,Peter_Struck,1,15
vote5,Peter_Struck,1,25
vote5,Peter_Struck,1,11
vote5,Peter_Struck,1,21
single,Pierce_Brosnan,0,30
single,Pierce_Brosnan,0,30
single,Pierce_Brosnan,1,28
single,Pierce_Brosnan,0,31
vote5,Pierce_Brosnan,1,22
vote5,Pierce_Brosnan,1,15
vote5,Pierce_Brosnan,1,14
vote5,Pierce_Brosnan,1,13
vote5,Pierce_Brosnan,1,16
single,Prince_Charles,1,27
single,Prince_Charles,1,28
single,Prince_Charles,0,29
single,Prince_Charles,0,30
vote5,Prince_Charles,1,9
vote5,Prince_Charles,1,18
vote5,Prince_Charles,1,14
vote5,Prince_Charles,1,13
vote5,Prince_Charles,1,18
single,Princess_Caroline,0,29
single,Princess_Caroline,0,31
single,Princess_Caroline,1,27
single,Princess_Caroline,0,32
vote5,Princess_Caroline,1,11
vote5,Princess_Caroline,1,12
vote5,Princess_Caroline,1,20
vote5,Princess_Caroline,1,9
vote5,Princess_Caroline,0,29
single,Queen_Elizabeth_II,0,31
single,Queen_Elizabeth_II,1,28
single,Queen_Elizabeth_II,0,30
single,Queen_Elizabeth_II,0,29
vote5,Queen_Elizabeth_II,1,17
vote5,Queen_Elizabeth_II,1,26
vote5,Queen_Elizabeth_II,1,13
vote5,Queen_Elizabeth_II,1,15
vote5,Queen_Elizabeth_II,1,9
single,Queen_Rania,0,30
single,Queen_Rania,0,29
single,Queen_Rania,0,29
single,Queen_Rania,0,31
vote5,Queen_Rania,1,11
vote5,Queen_Rania,1,12
vote5,Queen_Rania,1,12
vote5,Queen_Rania,1,21
vote5,Queen_Rania,1,17
single,Rainer_Schuettler,0,30
single,Rainer_Schuettler,0,32
single,Rainer_Schuettler,0,32
single,Rainer_Schuettler,0,30
vote5,Rainer_Schuettler,1,18
vote5,Rainer_Schuettler,1,11
vote5,Rainer_Schuettler,1,23
vote5,Rainer_Schuettler,1,21
vote5,Rainer_Schuettler,1,15
single,Ralf_Schumacher,0,32
single,Ralf_Schumacher,1,28
single,Ralf_Schumacher,0,30
single,Ralf_Schumacher,0,32
vote5,Ralf_Schumacher,1,15
vote5,Ralf_Schumacher,1,25
vote5,Ralf_Schumacher,1,16
vote5,Ralf_Schumacher,1,17
vote5,Ralf_Schumacher,1,22
single,Ray_Romano,0,30
single,Ray_Romano,1,26
single,Ray_Romano,1,25
single,Ray_Romano,1,28
vote5,Ray_Romano,1,11
vote5,Ray_Romano,1,9
vote5,Ray_Romano,1,14
vote5,Ray_Romano,1,9
vote5,Ray_Romano,1,20
single,Recep_Tayyip_Erdogan,1,20
single,Recep_Tayyip_Erdogan,1,25
single,Recep_Tayyip_Erdogan,0,30
single,Recep_Tayyip_Erdogan,1,22
vote5,Recep_Tayyip_Erdogan,1,7
vote5,Recep_Tayyip_Erdogan,1,8
vote5,Recep_Tayyip_Erdogan,1,12
vote5,Recep_Tayyip_Erdogan,0,31
vote5,Recep_Tayyip_Erdogan,1,15
single,Renee_Zellweger,0,30
single,Renee_Zellweger,0,32
single,Renee_Zellweger,0,32
single,Renee_Zellweger,0,32
vote5,Renee_Zellweger,1,14
vote5,Renee_Zellweger,1,12
vote5,Renee_Zellweger,1,17
vote5,Renee_Zellweger,1,16
vote5,Renee_Zellweger,1,20
single,Ricardo_Lagos,1,27
single,Ricardo_Lagos,1,26
single,Ricardo_Lagos,0,29
single,Ricardo_Lagos,0,30
vote5,Ricardo_Lagos,1,14
vote5,Ricardo_Lagos,1,12
vote5,Ricardo_Lagos,1,11
vote5,Ricardo_Lagos,1,17
vote5,Ricardo_Lagos,1,25
single,Ricardo_Sanchez,0,29
single,Ricardo_Sanchez,0,31
single,Ricardo_Sanchez,1,27
single,Ricardo_Sanchez,0,29
vote5,Ricardo_Sanchez,1,19
vote5,Ricardo_Sanchez,1,10
vote5,Ricardo_Sanchez,1,19
vote5,Ricardo_Sanchez,1,17
vote5,Ricardo_Sanchez,1,14
single,Richard_Armitage,0,30
single,Richard_Armitage,0,30
single,Richard_Armitage,0,30
single,Richard_Armitage,1,27
vote5,Richard_Armitage,1,12
vote5,Richard_Armitage,1,16
vote5,Richard_Armitage,1,20
vote5,Richard_Armitage,1,21
vote5,Richard_Armitage,1,13
single,Richard_Gephardt,0,30
single,Richard_Gephardt,1,25
single,Richard_Gephardt,1,28
single,Richard_Gephardt,1,27
vote5,Richard_Gephardt,1,14
vote5,Richard_Gephardt,1,18
vote5,Richard_Gephardt,1,11
vote5,Richard_Gephardt,1,10
vote5,Richard_Gephardt,1,14
single,Richard_Gere,0,31
single,Richard_Gere,0,30
single,Richard_Gere,0,30
single,Richard_Gere,0,32
vote5,Richard_Gere,1,21
vote5,Richard_Gere,1,13
vote5,Richard_Gere,1,19
vote5,Richard_Gere,1,10
vote5,Richard_Gere,1,14
single,Richard_Virenque,0,29
single,Richard_Virenque,0,32
single,Richard_Virenque,0,29
single,Richard_Virenque,0,32
vote5,Richard_Virenque,1,18
vote5,Richard_Virenque,1,15
vote5,Richard_Virenque,1,20
vote5,Richard_Virenque,1,15
vote5,Richard_Virenque,1,14
single,Rick_Perry,0,31
single,Rick_Perry,0,29
single,Rick_Perry,0,30
single,Rick_Perry,0,29
vote5,Rick_Perry,1,15
vote5,Rick_Perry,1,20
vote5,Rick_Perry,1,11
vote5,Rick_Perry,1,6
vote5,Rick_Perry,1,20
single,Rob_Marshall,1,28
single,Rob_Marshall,1,28
single,Rob_Marshall,1,27
single,Rob_Marshall,1,28
vote5,Rob_Marshall,1,16
vote5,Rob_Marshall,1,11
vote5,Rob_Marshall,1,8
vote5,Rob_Marshall,1,8
vote5,Rob_Marshall,1,9
single,Robert_Blake,0,29
single,Robert_Blake,0,29
single,Robert_Blake,0,29
single,Robert_Blake,1,27
vote5,Robert_Blake,1,19
vote5,Robert_Blake,1,7
vote5,Robert_Blake,1,16
vote5,Robert_Blake,1,9
vote5,Robert_Blake,1,15
single,Robert_De_Niro,0,31
single,Robert_De_Niro,0,30
single,Robert_De_Niro,0,30
single,Robert_De_Niro,0,32
vote5,Robert_De_Niro,1,11
vote5,Robert_De_Niro,1,15
vote5,Robert_De_Niro,1,12
vote5,Robert_De_Niro,1,19
vote5,Robert_De_Niro,1,22
single,Robert_Duvall,1,25
single,Robert_Duvall,1,23
single,Robert_Duvall,1,27
single,Robert_Duvall,0,29
vote5,Robert_Duvall,1,11
vote5,Robert_Duvall,1,9
vote5,Robert_Duvall,1,11
vote5,Robert_Duvall,1,13
vote5,Robert_Duvall,1,14
single,Robert_Kocharian,1,25
single,Robert_Kocharian,0,30
single,Robert_Kocharian,0,30
single,Robert_Kocharian,1,27
vote5,Robert_Kocharian,1,13
vote5,Robert_Kocharian,1,12
vote5,Robert_Kocharian,1,18
vote5,Robert_Kocharian,1,15
vote5,Robert_Kocharian,1,12
single,Robert_Mueller,0,31
single,Robert_Mueller,1,27
single,Robert_Mueller,1,25
single,Robert_Mueller,1,28
vote5,Robert_Mueller,1,12
vote5,Robert_Mueller,1,14
vote5,Robert_Mueller,1,14
vote5,Robert_Mueller,1,8
vote5,Robert_Mueller,1,15
single,Robert_Redford,1,25
single,Robert_Redford,0,29
single,Robert_Redford,0,29
single,Robert_Redford,1,21
vote5,Robert_Redford,1,6
vote5,Robert_Redford,1,17
vote5,Robert_Redford,1,20
vote5,Robert_Redford,1,26
vote5,Robert_Redford,1,6
single,Robert_Zoellick,0,30
single,Robert_Zoellick,1,27
single,Robert_Zoellick,0,29
single,Robert_Zoellick,0,31
vote5,Robert_Zoellick,1,19
vote5,Robert_Zoellick,1,12
vote5,Robert_Zoellick,1,10
vote5,Robert_Zoellick,1,8
vote5,Robert_Zoellick,1,21
single,Roger_Federer,0,30
single,Roger_Federer,0,29
single,Roger_Federer,0,29
single,Roger_Federer,0,32
vote5,Roger_Federer,1,13
vote5,Roger_Federer,1,18
vote5,Roger_Federer,1,12
vote5,Roger_Federer,1,9
vote5,Roger_Federer,1,25
single,Roger_Moore,0,32
single,Roger_Moore,1,26
single,Roger_Moore,1,26
single,Roger_Moore,0,31
vote5,Roger_Moore,1,11
vote5,Roger_Moore,1,27
vote5,Roger_Moore,1,18
vote5,Roger_Moore,1,11
vote5,Roger_Moore,1,15
single,Roh_Moo-hyun,0,29
single,Roh_Moo-hyun,1,28
single,Roh_Moo-hyun,1,27
single,Roh_Moo-hyun,0,30
vote5,Roh_Moo-hyun,1,16
vote5,Roh_Moo-hyun,1,7
vote5,Roh_Moo-hyun,1,16
vote5,Roh_Moo-hyun,1,10
vote5,Roh_Moo-hyun,1,9
single,Roman_Polanski,1,28
single,Roman_Polanski,0,29
single,Roman_Polanski,0,29
single,Roman_Polanski,0,30
vote5,Roman_Polanski,1,13
vote5,Roman_Polanski,1,8
vote5,Roman_Polanski,1,18
vote5,Roman_Polanski,1,13
vote5,Roman_Polanski,1,15
single,Romano_Prodi,0,31
single,Romano_Prodi,0,31
single,Romano_Prodi,0,31
single,Romano_Prodi,0,32
vote5,Romano_Prodi,1,27
vote5,Romano_Prodi,1,20
vote5,Romano_Prodi,1,19
vote5,Romano_Prodi,1,12
vote5,Romano_Prodi,1,17
single,Ron_Dittemore,0,29
single,Ron_Dittemore,0,29
single,Ron_Dittemore,0,30
single,Ron_Dittemore,1,26
vote5,Ron_Dittemore,1,19
vote5,Ron_Dittemore,1,10
vote5,Ron_Dittemore,1,12
vote5,Ron_Dittemore,1,14
vote5,Ron_Dittemore,1,12
single,Roy_Moore,1,28
single,Roy_Moore,0,30
single,Roy_Moore,0,32
single,Roy_Moore,0,29
vote5,Roy_Moore,1,18
vote5,Roy_Moore,1,18
vote5,Roy_Moore,1,9
vote5,Roy_Moore,1,7
vote5,Roy_Moore,1,15
single,Rubens_Barrichello,1,28
single,Rubens_Barrichello,0,30
single,Rubens_Barrichello,0,31
single,Rubens_Barrichello,0,31
vote5,Rubens_Barrichello,1,16
vote5,Rubens_Barrichello,1,13
vote5,Rubens_Barrichello,1,19
vote5,Rubens_Barrichello,1,19
vote5,Rubens_Barrichello,1,22
single,Rudolph_Giuliani,0,30
single,Rudolph_Giuliani,0,30
single,Rudolph_Giuliani,1,28
single,Rudolph_Giuliani,0,32
vote5,Rudolph_Giuliani,1,18
vote5,Rudolph_Giuliani,1,12
vote5,Rudolph_Giuliani,1,13
vote5,Rudolph_Giuliani,1,14
vote5,Rudolph_Giuliani,1,27
single,Russell_Simmons,1,26
single,Russell_Simmons,0,32
single,Russell_Simmons,0,29
single,Russell_Simmons,0,29
vote5,Russell_Simmons,1,7
vote5,Russell_Simmons,1,8
vote5,Russell_Simmons,0,32
vote5,Russell_Simmons,1,11
vote5,Russell_Simmons,1,12
single,Saddam_Hussein,1,24
single,Saddam_Hussein,0,30
single,Saddam_Hussein,0,29
single,Saddam_Hussein,1,27
vote5,Saddam_Hussein,1,16
vote5,Saddam_Hussein,1,10
vote5,Saddam_Hussein,1,20
vote5,Saddam_Hussein,1,16
vote5,Saddam_Hussein,1,11
single,Salma_Hayek,0,31
single,Salma_Hayek,0,29
single,Salma_Hayek,0,32
single,Salma_Hayek,0,30
vote5,Salma_Hayek,1,19
vote5,Salma_Hayek,1,23
vote5,Salma_Hayek,1,4
vote5,Salma_Hayek,1,21
vote5,Salma_Hayek,1,8
single,Sarah_Hughes,0,30
single,Sarah_Hughes,0,31
single,Sarah_Hughes,1,27
single,Sarah_Hughes,1,28
vote5,Sarah_Hughes,1,15
vote5,Sarah_Hughes,1,24
vote5,Sarah_Hughes,1,8
vote5,Sarah_Hughes,1,16
vote5,Sarah_Hughes,1,20
single,Sarah_Jessica_Parker,0,29
single,Sarah_Jessica_Parker,0,30
single,Sarah_Jessica_Parker,0,32
single,Sarah_Jessica_Parker,0,30
vote5,Sarah_Jessica_Parker,1,19
vote5,Sarah_Jessica_Parker,1,15
vote5,Sarah_Jessica_Parker,1,22
vote5,Sarah_Jessica_Parker,1,12
vote5,Sarah_Jessica_Parker,1,15
single,Scott_McClellan,1,27
single,Scott_McClellan,1,25
single,Scott_McClellan,1,27
single,Scott_McClellan,0,30
vote5,Scott_McClellan,1,9
vote5,Scott_McClellan,1,13
vote5,Scott_McClellan,1,12
vote5,Scott_McClellan,1,16
vote5,Scott_McClellan,1,17
single,Scott_Peterson,0,31
single,Scott_Peterson,0,31
single,Scott_Peterson,0,30
single,Scott_Peterson,0,29
vote5,Scott_Peterson,1,18
vote5,Scott_Peterson,1,16
vote5,Scott_Peterson,1,19
vote5,Scott_Peterson,1,8
vote5,Scott_Peterson,1,17
single,Sean_OKeefe,1,28
single,Sean_OKeefe,1,28
single,Sean_OKeefe,1,28
single,Sean_OKeefe,0,29
vote5,Sean_OKeefe,1,11
vote5,Sean_OKeefe,1,15
vote5,Sean_OKeefe,1,16
vote5,Sean_OKeefe,1,11
vote5,Sean_OKeefe,1,19
single,Serena_Williams,0,30
single,Serena_Williams,0,31
single,Serena_Williams,1,27
single,Serena_Williams,0,30
vote5,Serena_Williams,1,14
vote5,Serena_Williams,1,9
vote5,Serena_Williams,1,21
vote5,Serena_Williams,1,12
vote5,Serena_Williams,1,22
single,Sergei_Ivanov,0,31
single,Sergei_Ivanov,0,31
single,Sergei_Ivanov,1,28
single,Sergei_Ivanov,0,30
vote5,Sergei_Ivanov,1,17
vote5,Sergei_Ivanov,1,19
vote5,Sergei_Ivanov,1,19
vote5,Sergei_Ivanov,1,10
vote5,Sergei_Ivanov,1,15
single,Sergey_Lavrov,1,28
single,Sergey_Lavrov,1,27
single,Sergey_Lavrov,0,30
single,Sergey_Lavrov,1,26
vote5,Sergey_Lavrov,1,13
vote5,Sergey_Lavrov,1,23
vote5,Sergey_Lavrov,1,14
vote5,Sergey_Lavrov,1,12
vote5,Sergey_Lavrov,1,12
single,Sergio_Vieira_De_Mello,1,28
single,Sergio_Vieira_De_Mello,0,30
single,Sergio_Vieira_De_Mello,0,30
single,Sergio_Vieira_De_Mello,0,29
vote5,Sergio_Vieira_De_Mello,1,14
vote5,Sergio_Vieira_De_Mello,1,14
vote5,Sergio_Vieira_De_Mello,1,18
vote5,Sergio_Vieira_De_Mello,1,19
vote5,Sergio_Vieira_De_Mello,1,12
single,Sharon_Stone,0,32
single,Sharon_Stone,0,32
single,Sharon_Stone,0,31
single,Sharon_Stone,0,32
vote5,Sharon_Stone,1,24
vote5,Sharon_Stone,1,7
vote5,Sharon_Stone,1,18
vote5,Sharon_Stone,1,19
vote5,Sharon_Stone,1,16
single,Sheryl_Crow,1,27
single,Sheryl_Crow,0,31
single,Sheryl_Crow,0,29
single,Sheryl_Crow,0,30
vote5,Sheryl_Crow,1,23
vote5,Sheryl_Crow,1,9
vote5,Sheryl_Crow,1,8
vote5,Sheryl_Crow,1,19
vote5,Sheryl_Crow,1,6
single,Shimon_Peres,0,31
single,Shimon_Peres,0,31
single,Shimon_Peres,1,28
single,Shimon_Peres,1,28
vote5,Shimon_Peres,1,20
vote5,Shimon_Peres,1,15
vote5,Shimon_Peres,1,15
vote5,Shimon_Peres,1,20
vote5,Shimon_Peres,1,11
single,Silvan_Shalom,0,29
single,Silvan_Shalom,0,32
single,Silvan_Shalom,0,32
single,Silvan_Shalom,1,28
vote5,Silvan_Shalom,1,18
vote5,Silvan_Shalom,1,18
vote5,Silvan_Shalom,1,23
vote5,Silvan_Shalom,1,20
vote5,Silvan_Shalom,1,14
single,Silvio_Berlusconi,1,27
single,Silvio_Berlusconi,0,31
single,Silvio_Berlusconi,1,24
single,Silvio_Berlusconi,0,29
vote5,Silvio_Berlusconi,1,10
vote5,Silvio_Berlusconi,1,17
vote5,Silvio_Berlusconi,1,21
vote5,Silvio_Berlusconi,1,10
vote5,Silvio_Berlusconi,1,15
single,Sophia_Loren,0,30
single,Sophia_Loren,0,29
single,Sophia_Loren,1,27
single,Sophia_Loren,1,26
vote5,Sophia_Loren,1,14
vote5,Sophia_Loren,1,10
vote5,Sophia_Loren,1,22
vote5,Sophia_Loren,1,11
vote5,Sophia_Loren,1,22
single,Sourav_Ganguly,0,32
single,Sourav_Ganguly,0,31
single,Sourav_Ganguly,0,31
single,Sourav_Ganguly,0,32
vote5,Sourav_Ganguly,1,23
vote5,Sourav_Ganguly,1,22
vote5,Sourav_Ganguly,1,18
vote5,Sourav_Ganguly,1,9
vote5,Sourav_Ganguly,1,17
single,Spencer_Abraham,0,31
single,Spencer_Abraham,0,29
single,Spencer_Abraham,1,27
single,Spencer_Abraham,0,30
vote5,Spencer_Abraham,1,10
vote5,Spencer_Abraham,1,25
vote5,Spencer_Abraham,1,9
vote5,Spencer_Abraham,1,8
vote5,Spencer_Abraham,1,16
single,Steffi_Graf,0,31
single,Steffi_Graf,0,32
single,Steffi_Graf,0,32
single,Steffi_Graf,0,31
vote5,Steffi_Graf,1,24
vote5,Steffi_Graf,1,12
vote5,Steffi_Graf,1,15
vote5,Steffi_Graf,1,18
vote5,Steffi_Graf,1,15
single,Steve_Lavin,0,32
single,Steve_Lavin,0,29
single,Steve_Lavin,1,28
single,Steve_Lavin,0,29
vote5,Steve_Lavin,1,21
vote5,Steve_Lavin,1,13
vote5,Steve_Lavin,1,14
vote5,Steve_Lavin,1,10
vote5,Steve_Lavin,1,14
single,Steve_Nash,0,30
single,Steve_Nash,0,31
single,Steve_Nash,0,29
single,Steve_Nash,0,30
vote5,Steve_Nash,1,18
vote5,Steve_Nash,1,17
vote5,Steve_Nash,1,10
vote5,Steve_Nash,1,10
vote5,Steve_Nash,1,17
single,Steven_Spielberg,0,32
single,Steven_Spielberg,0,30
single,Steven_Spielberg,1,28
single,Steven_Spielberg,0,29
vote5,Steven_Spielberg,1,9
vote5,Steven_Spielberg,1,23
vote5,Steven_Spielberg,1,14
vote5,Steven_Spielberg,1,20
vote5,Steven_Spielberg,1,19
single,Susan_Sarandon,0,30
single,Susan_Sarandon,0,29
single,Susan_Sarandon,0,31
single,Susan_Sarandon,0,31
vote5,Susan_Sarandon,1,16
vote5,Susan_Sarandon,1,16
vote5,Susan_Sarandon,1,21
vote5,Susan_Sarandon,1,24
vote5,Susan_Sarandon,1,14
single,Sylvester_Stallone,0,29
single,Sylvester_Stallone,0,30
single,Sylvester_Stallone,0,32
single,Sylvester_Stallone,0,32
vote5,Sylvester_Stallone,1,13
vote5,Sylvester_Stallone,1,14
vote5,Sylvester_Stallone,1,14
vote5,Sylvester_Stallone,1,25
vote5,Sylvester_Stallone,1,18
single,Taha_Yassin_Ramadan,0,32
single,Taha_Yassin_Ramadan,1,28
single,Taha_Yassin_Ramadan,1,28
single,Taha_Yassin_Ramadan,0,29
vote5,Taha_Yassin_Ramadan,1,10
vote5,Taha_Yassin_Ramadan,0,31
vote5,Taha_Yassin_Ramadan,1,14
vote5,Taha_Yassin_Ramadan,1,14
vote5,Taha_Yassin_Ramadan,1,15
single,Tang_Jiaxuan,1,23
single,Tang_Jiaxuan,1,26
single,Tang_Jiaxuan,1,27
single,Tang_Jiaxuan,1,27
vote5,Tang_Jiaxuan,1,14
vote5,Tang_Jiaxuan,1,6
vote5,Tang_Jiaxuan,1,6
vote5,Tang_Jiaxuan,1,10
vote5,Tang_Jiaxuan,1,17
single,Tariq_Aziz,1,19
single,Tariq_Aziz,0,29
single,Tariq_Aziz,0,29
single,Tariq_Aziz,1,27
vote5,Tariq_Aziz,1,9
vote5,Tariq_Aziz,1,1
vote5,Tariq_Aziz,1,18
vote5,Tariq_Aziz,1,20
vote5,Tariq_Aziz,1,17
single,Thaksin_Shinawatra,1,27
single,Thaksin_Shinawatra,0,32
single,Thaksin_Shinawatra,0,29
single,Thaksin_Shinawatra,0,30
vote5,Thaksin_Shinawatra,1,13
vote5,Thaksin_Shinawatra,1,14
vote5,Thaksin_Shinawatra,0,32
vote5,Thaksin_Shinawatra,1,8
vote5,Thaksin_Shinawatra,1,12
single,Thomas_OBrien,1,28
single,Thomas_OBrien,0,29
single,Thomas_OBrien,1,27
single,Thomas_OBrien,0,30
vote5,Thomas_OBrien,1,16
vote5,Thomas_OBrien,1,13
vote5,Thomas_OBrien,1,13
vote5,Thomas_OBrien,1,11
vote5,Thomas_OBrien,1,12
single,Tiger_Woods,0,31
single,Tiger_Woods,1,28
single,Tiger_Woods,0,31
single,Tiger_Woods,0,30
vote5,Tiger_Woods,1,23
vote5,Tiger_Woods,1,13
vote5,Tiger_Woods,1,12
vote5,Tiger_Woods,1,20
vote5,Tiger_Woods,1,13
single,Tim_Henman,1,25
single,Tim_Henman,0,30
single,Tim_Henman,0,32
single,Tim_Henman,0,31
vote5,Tim_Henman,1,8
vote5,Tim_Henman,1,12
vote5,Tim_Henman,1,22
vote5,Tim_Henman,1,22
vote5,Tim_Henman,1,24
single,Tim_Robbins,0,29
single,Tim_Robbins,0,29
single,Tim_Robbins,0,30
single,Tim_Robbins,1,26
vote5,Tim_Robbins,1,11
vote5,Tim_Robbins,1,18
vote5,Tim_Robbins,1,23
vote5,Tim_Robbins,1,18
vote5,Tim_Robbins,1,12
single,Tom_Crean,0,30
single,Tom_Crean,0,30
single,Tom_Crean,0,30
single,Tom_Crean,0,31
vote5,Tom_Crean,1,19
vote5,Tom_Crean,1,18
vote5,Tom_Crean,1,5
vote5,Tom_Crean,1,19
vote5,Tom_Crean,1,15
single,Tom_Cruise,0,29
single,Tom_Cruise,0,29
single,Tom_Cruise,0,29
single,Tom_Cruise,0,30
vote5,Tom_Cruise,1,12
vote5,Tom_Cruise,1,15
vote5,Tom_Cruise,1,16
vote5,Tom_Cruise,1,19
vote5,Tom_Cruise,1,17
single,Tom_Daschle,0,30
single,Tom_Daschle,1,27
single,Tom_Daschle,0,32
single,Tom_Daschle,0,31
vote5,Tom_Daschle,1,19
vote5,Tom_Daschle,1,17
vote5,Tom_Daschle,1,6
vote5,Tom_Daschle,1,24
vote5,Tom_Daschle,1,13
single,Tom_Hanks,0,31
single,Tom_Hanks,0,29
single,Tom_Hanks,0,31
single,Tom_Hanks,0,31
vote5,Tom_Hanks,1,19
vote5,Tom_Hanks,1,10
vote5,Tom_Hanks,1,8
vote5,Tom_Hanks,1,8
vote5,Tom_Hanks,1,23
single,Tom_Harkin,0,31
single,Tom_Harkin,0,30
single,Tom_Harkin,0,30
single,Tom_Harkin,0,32
vote5,Tom_Harkin,1,12
vote5,Tom_Harkin,1,18
vote5,Tom_Harkin,1,18
vote5,Tom_Harkin,1,17
vote5,Tom_Harkin,1,19
single,Tom_Ridge,0,29
single,Tom_Ridge,0,31
single,Tom_Ridge,0,32
single,Tom_Ridge,1,28
vote5,Tom_Ridge,1,16
vote5,Tom_Ridge,1,13
vote5,Tom_Ridge,1,17
vote5,Tom_Ridge,1,20
vote5,Tom_Ridge,1,12
single,Tommy_Franks,0,31
single,Tommy_Franks,0,32
single,Tommy_Franks,1,27
single,Tommy_Franks,0,31
vote5,Tommy_Franks,1,14
vote5,Tommy_Franks,1,22
vote5,Tommy_Franks,1,14
vote5,Tommy_Franks,1,19
vote5,Tommy_Franks,1,12
single,Tommy_Haas,0,30
single,Tommy_Haas,0,30
single,Tommy_Haas,1,27
single,Tommy_Haas,0,31
vote5,Tommy_Haas,1,17
vote5,Tommy_Haas,1,22
vote5,Tommy_Haas,1,20
vote5,Tommy_Haas,1,14
vote5,Tommy_Haas,1,18
single,Tommy_Thompson,0,30
single,Tommy_Thompson,1,28
single,Tommy_Thompson,0,30
single,Tommy_Thompson,0,30
vote5,Tommy_Thompson,1,20
vote5,Tommy_Thompson,1,12
vote5,Tommy_Thompson,1,18
vote5,Tommy_Thompson,1,12
vote5,Tommy_Thompson,1,12
single,Tony_Blair,0,31
single,Tony_Blair,0,30
single,Tony_Blair,0,31
single,Tony_Blair,0,30
vote5,Tony_Blair,1,20
vote5,Tony_Blair,1,15
vote5,Tony_Blair,1,17
vote5,Tony_Blair,1,14
vote5,Tony_Blair,1,18
single,Tony_Stewart,0,31
single,Tony_Stewart,0,30
single,Tony_Stewart,0,30
single,Tony_Stewart,0,32
vote5,Tony_Stewart,1,13
vote5,Tony_Stewart,1,9
vote5,Tony_Stewart,1,15
vote5,Tony_Stewart,1,23
vote5,Tony_Stewart,1,22
single,Trent_Lott,0,30
single,Trent_Lott,0,30
single,Trent_Lott,1,27
single,Trent_Lott,1,27
vote5,Trent_Lott,1,13
vote5,Trent_Lott,1,17
vote5,Trent_Lott,1,18
vote5,Trent_Lott,1,15
vote5,Trent_Lott,1,10
single,Tung_Chee-hwa,0,32
single,Tung_Chee-hwa,0,32
single,Tung_Chee-hwa,0,32
single,Tung_Chee-hwa,0,32
vote5,Tung_Chee-hwa,0,31
vote5,Tung_Chee-hwa,1,13
vote5,Tung_Chee-hwa,1,13
vote5,Tung_Chee-hwa,1,17
vote5,Tung_Chee-hwa,1,11
single,Vaclav_Havel,0,30
single,Vaclav_Havel,0,32
single,Vaclav_Havel,0,31
single,Vaclav_Havel,0,29
vote5,Vaclav_Havel,1,22
vote5,Vaclav_Havel,1,12
vote5,Vaclav_Havel,1,8
vote5,Vaclav_Havel,1,16
vote5,Vaclav_Havel,1,12
single,Valentino_Rossi,1,27
single,Valentino_Rossi,0,31
single,Valentino_Rossi,1,27
single,Valentino_Rossi,0,30
vote5,Valentino_Rossi,1,18
vote5,Valentino_Rossi,1,12
vote5,Valentino_Rossi,1,20
vote5,Valentino_Rossi,1,20
vote5,Valentino_Rossi,1,16
single,Valery_Giscard_dEstaing,0,30
single,Valery_Giscard_dEstaing,0,29
single,Valery_Giscard_dEstaing,0,30
single,Valery_Giscard_dEstaing,0,30
vote5,Valery_Giscard_dEstaing,1,11
vote5,Valery_Giscard_dEstaing,1,15
vote5,Valery_Giscard_dEstaing,1,15
vote5,Valery_Giscard_dEstaing,1,17
vote5,Valery_Giscard_dEstaing,1,18
single,Vanessa_Redgrave,0,32
single,Vanessa_Redgrave,0,29
single,Vanessa_Redgrave,0,29
single,Vanessa_Redgrave,0,29
vote5,Vanessa_Redgrave,1,20
vote5,Vanessa_Redgrave,1,12
vote5,Vanessa_Redgrave,1,6
vote5,Vanessa_Redgrave,1,10
vote5,Vanessa_Redgrave,1,14
single,Venus_Williams,0,31
single,Venus_Williams,0,31
single,Venus_Williams,1,26
single,Venus_Williams,0,30
vote5,Venus_Williams,1,19
vote5,Venus_Williams,1,19
vote5,Venus_Williams,1,21
vote5,Venus_Williams,1,12
vote5,Venus_Williams,1,13
single,Vicente_Fernandez,0,29
single,Vicente_Fernandez,0,30
single,Vicente_Fernandez,1,27
single,Vicente_Fernandez,0,30
vote5,Vicente_Fernandez,1,17
vote5,Vicente_Fernandez,1,12
vote5,Vicente_Fernandez,1,17
vote5,Vicente_Fernandez,1,13
vote5,Vicente_Fernandez,1,21
single,Vicente_Fox,0,30
single,Vicente_Fox,1,28
single,Vicente_Fox,1,28
single,Vicente_Fox,0,29
vote5,Vicente_Fox,1,20
vote5,Vicente_Fox,1,18
vote5,Vicente_Fox,1,8
vote5,Vicente_Fox,1,7
vote5,Vicente_Fox,1,18
single,Victoria_Clarke,0,30
single,Victoria_Clarke,1,26
single,Victoria_Clarke,0,30
single,Victoria_Clarke,1,28
vote5,Victoria_Clarke,1,23
vote5,Victoria_Clarke,1,16
vote5,Victoria_Clarke,1,8
vote5,Victoria_Clarke,1,15
vote5,Victoria_Clarke,1,7
single,Vincent_Brooks,0,29
single,Vincent_Brooks,1,26
single,Vincent_Brooks,0,29
single,Vincent_Brooks,1,27
vote5,Vincent_Brooks,1,18
vote5,Vincent_Brooks,1,10
vote5,Vincent_Brooks,1,12
vote5,Vincent_Brooks,1,12
vote5,Vincent_Brooks,1,11
single,Vladimir_Putin,1,28
single,Vladimir_Putin,0,29
single,Vladimir_Putin,0,30
single,Vladimir_Putin,1,27
vote5,Vladimir_Putin,1,18
vote5,Vladimir_Putin,1,13
vote5,Vladimir_Putin,1,5
vote5,Vladimir_Putin,1,17
vote5,Vladimir_Putin,1,14
single,Vojislav_Kostunica,0,30
single,Vojislav_Kostunica,0,31
single,Vojislav_Kostunica,0,30
single,Vojislav_Kostunica,0,31
vote5,Vojislav_Kostunica,1,21
vote5,Vojislav_Kostunica,1,15
vote5,Vojislav_Kostunica,1,14
vote5,Vojislav_Kostunica,1,15
vote5,Vojislav_Kostunica,1,13
single,Walter_Mondale,0,32
single,Walter_Mondale,0,31
single,Walter_Mondale,1,28
single,Walter_Mondale,0,32
vote5,Walter_Mondale,1,19
vote5,Walter_Mondale,1,18
vote5,Walter_Mondale,1,15
vote5,Walter_Mondale,1,8
vote5,Walter_Mondale,1,17
single,Wayne_Ferreira,1,28
single,Wayne_Ferreira,0,31
single,Wayne_Ferreira,1,26
single,Wayne_Ferreira,0,29
vote5,Wayne_Ferreira,1,17
vote5,Wayne_Ferreira,1,13
vote5,Wayne_Ferreira,1,14
vote5,Wayne_Ferreira,1,16
vote5,Wayne_Ferreira,1,15
single,Wen_Jiabao,1,28
single,Wen_Jiabao,1,26
single,Wen_Jiabao,0,29
single,Wen_Jiabao,1,25
vote5,Wen_Jiabao,1,10
vote5,Wen_Jiabao,1,16
vote5,Wen_Jiabao,1,16
vote5,Wen_Jiabao,1,14
vote5,Wen_Jiabao,1,15
single,William_Donaldson,1,28
single,William_Donaldson,0,32
single,William_Donaldson,1,28
single,William_Donaldson,1,28
vote5,William_Donaldson,1,18
vote5,William_Donaldson,1,14
vote5,William_Donaldson,1,16
vote5,William_Donaldson,1,10
vote5,William_Donaldson,1,11
single,William_Ford_Jr,0,31
single,William_Ford_Jr,0,30
single,William_Ford_Jr,1,27
single,William_Ford_Jr,0,29
vote5,William_Ford_Jr,1,19
vote5,William_Ford_Jr,1,17
vote5,William_Ford_Jr,1,14
vote5,William_Ford_Jr,1,10
vote5,William_Ford_Jr,1,10
single,William_Macy,0,31
single,William_Macy,0,30
single,William_Macy,0,30
single,William_Macy,1,26
vote5,William_Macy,1,9
vote5,William_Macy,1,21
vote5,William_Macy,1,8
vote5,William_Macy,1,11
vote5,William_Macy,1,19
single,Winona_Ryder,0,30
single,Winona_Ryder,0,29
single,Winona_Ryder,0,29
single,Winona_Ryder,0,30
vote5,Winona_Ryder,1,12
vote5,Winona_Ryder,1,22
vote5,Winona_Ryder,1,17
vote5,Winona_Ryder,1,20
vote5,Winona_Ryder,1,16
single,Woody_Allen,0,29
single,Woody_Allen,1,27
single,Woody_Allen,0,30
single,Woody_Allen,1,27
vote5,Woody_Allen,1,12
vote5,Woody_Allen,1,18
vote5,Woody_Allen,1,19
vote5,Woody_Allen,1,12
vote5,Woody_Allen,1,17
single,Xanana_Gusmao,0,32
single,Xanana_Gusmao,1,28
single,Xanana_Gusmao,1,27
single,Xanana_Gusmao,0,32
vote5,Xanana_Gusmao,1,9
vote5,Xanana_Gusmao,0,31
vote5,Xanana_Gusmao,1,16
vote5,Xanana_Gusmao,1,13
vote5,Xanana_Gusmao,1,21
single,Xavier_Malisse,1,28
single,Xavier_Malisse,0,30
single,Xavier_Malisse,1,24
single,Xavier_Malisse,1,26
vote5,Xavier_Malisse,1,10
vote5,Xavier_Malisse,1,13
vote5,Xavier_Malisse,1,20
vote5,Xavier_Malisse,1,10
vote5,Xavier_Malisse,1,13
single,Yao_Ming,1,28
single,Yao_Ming,0,29
single,Yao_Ming,0,29
single,Yao_Ming,0,30
vote5,Yao_Ming,1,13
vote5,Yao_Ming,1,6
vote5,Yao_Ming,1,16
vote5,Yao_Ming,1,15
vote5,Yao_Ming,1,18
single,Yashwant_Sinha,1,23
single,Yashwant_Sinha,0,30
single,Yashwant_Sinha,0,32
single,Yashwant_Sinha,1,28
vote5,Yashwant_Sinha,1,6
vote5,Yashwant_Sinha,1,6
vote5,Yashwant_Sinha,1,16
vote5,Yashwant_Sinha,1,13
vote5,Yashwant_Sinha,1,16
single,Yasser_Arafat,1,24
single,Yasser_Arafat,1,24
single,Yasser_Arafat,0,30
single,Yasser_Arafat,1,26
vote5,Yasser_Arafat,1,9
vote5,Yasser_Arafat,1,9
vote5,Yasser_Arafat,1,6
vote5,Yasser_Arafat,1,24
vote5,Yasser_Arafat,1,13
single,Yoko_Ono,1,24
single,Yoko_Ono,0,30
single,Yoko_Ono,0,29
single,Yoko_Ono,0,32
vote5,Yoko_Ono,1,9
vote5,Yoko_Ono,1,10
vote5,Yoko_Ono,1,13
vote5,Yoko_Ono,1,14
vote5,Yoko_Ono,1,25
single,Yoriko_Kawaguchi,0,31
single,Yoriko_Kawaguchi,0,31
single,Yoriko_Kawaguchi,0,31
single,Yoriko_Kawaguchi,0,30
vote5,Yoriko_Kawaguchi,1,14
vote5,Yoriko_Kawaguchi,1,18
vote5,Yoriko_Kawaguchi,1,13
vote5,Yoriko_Kawaguchi,1,23
vote5,Yoriko_Kawaguchi,1,9
single,Zhu_Rongji,0,29
single,Zhu_Rongji,1,26
single,Zhu_Rongji,1,28
single,Zhu_Rongji,0,30
vote5,Zhu_Rongji,1,9
vote5,Zhu_Rongji,1,16
vote5,Zhu_Rongji,1,14
vote5,Zhu_Rongji,1,15
vote5,Zhu_Rongji,1,15
single,Zinedine_Zidane,1,28
single,Zinedine_Zidane,1,28
single,Zinedine_Zidane,0,31
single,Zinedine_Zidane,0,30
vote5,Zinedine_Zidane,1,18
vote5,Zinedine_Zidane,1,8
vote5,Zinedine_Zidane,1,16
vote5,Zinedine_Zidane,1,12
vote5,Zinedine_Zidane,1,10
