theta,person,ok
0,Abdullah_Gul,0
2,Abdullah_Gul,0
4,Abdullah_Gul,0
6,Abdullah_Gul,0
8,Abdullah_Gul,0
10,Abdullah_Gul,0
12,Abdullah_Gul,0
14,Abdullah_Gul,0
16,Abdullah_Gul,0
18,Abdullah_Gul,0
20,Abdullah_Gul,0
22,Abdullah_Gul,0
24,Abdullah_Gul,0
26,Abdullah_Gul,0
28,Abdullah_Gul,0
30,Abdullah_Gul,0
32,Abdullah_Gul,0
34,Abdullah_Gul,0
36,Abdullah_Gul,0
38,Abdullah_Gul,0
40,Abdullah_Gul,0
0,Adrien_Brody,0
2,Adrien_Brody,0
4,Adrien_Brody,0
6,Adrien_Brody,0
8,Adrien_Brody,0
10,Adrien_Brody,0
12,Adrien_Brody,0
14,Adrien_Brody,0
16,Adrien_Brody,0
18,Adrien_Brody,0
20,Adrien_Brody,0
22,Adrien_Brody,0
24,Adrien_Brody,0
26,Adrien_Brody,0
28,Adrien_Brody,0
30,Adrien_Brody,0
32,Adrien_Brody,0
34,Adrien_Brody,0
36,Adrien_Brody,0
38,Adrien_Brody,0
40,Adrien_Brody,0
0,Ahmed_Chalabi,1
2,Ahmed_Chalabi,1
4,Ahmed_Chalabi,1
6,Ahmed_Chalabi,1
8,Ahmed_Chalabi,0
10,Ahmed_Chalabi,0
12,Ahmed_Chalabi,0
14,Ahmed_Chalabi,0
16,Ahmed_Chalabi,0
18,Ahmed_Chalabi,0
20,Ahmed_Chalabi,0
22,Ahmed_Chalabi,0
24,Ahmed_Chalabi,0
26,Ahmed_Chalabi,0
28,Ahmed_Chalabi,0
30,Ahmed_Chalabi,0
32,Ahmed_Chalabi,0
34,Ahmed_Chalabi,0
36,Ahmed_Chalabi,0
38,Ahmed_Chalabi,0
40,Ahmed_Chalabi,0
0,Ai_Sugiyama,0
2,Ai_Sugiyama,0
4,Ai_Sugiyama,0
6,Ai_Sugiyama,0
8,Ai_Sugiyama,0
10,Ai_Sugiyama,0
12,Ai_Sugiyama,0
14,Ai_Sugiyama,0
16,Ai_Sugiyama,0
18,Ai_Sugiyama,0
20,Ai_Sugiyama,0
22,Ai_Sugiyama,0
24,Ai_Sugiyama,0
26,Ai_Sugiyama,0
28,Ai_Sugiyama,0
30,Ai_Sugiyama,0
32,Ai_Sugiyama,0
34,Ai_Sugiyama,0
36,Ai_Sugiyama,0
38,Ai_Sugiyama,0
40,Ai_Sugiyama,0
0,Al_Gore,0
2,Al_Gore,0
4,Al_Gore,0
6,Al_Gore,0
8,Al_Gore,0
10,Al_Gore,0
12,Al_Gore,0
14,Al_Gore,0
16,Al_Gore,0
18,Al_Gore,0
20,Al_Gore,0
22,Al_Gore,0
24,Al_Gore,0
26,Al_Gore,0
28,Al_Gore,0
30,Al_Gore,0
32,Al_Gore,0
34,Al_Gore,0
36,Al_Gore,0
38,Al_Gore,0
40,Al_Gore,0
0,Al_Sharpton,0
2,Al_Sharpton,0
4,Al_Sharpton,0
6,Al_Sharpton,0
8,Al_Sharpton,0
10,Al_Sharpton,0
12,Al_Sharpton,0
14,Al_Sharpton,0
16,Al_Sharpton,0
18,Al_Sharpton,0
20,Al_Sharpton,0
22,Al_Sharpton,0
24,Al_Sharpton,0
26,Al_Sharpton,0
28,Al_Sharpton,0
30,Al_Sharpton,0
32,Al_Sharpton,0
34,Al_Sharpton,0
36,Al_Sharpton,0
38,Al_Sharpton,0
40,Al_Sharpton,0
0,Alan_Greenspan,0
2,Alan_Greenspan,0
4,Alan_Greenspan,0
6,Alan_Greenspan,0
8,Alan_Greenspan,0
10,Alan_Greenspan,0
12,Alan_Greenspan,0
14,Alan_Greenspan,0
16,Alan_Greenspan,0
18,Alan_Greenspan,0
20,Alan_Greenspan,0
22,Alan_Greenspan,0
24,Alan_Greenspan,0
26,Alan_Greenspan,0
28,Alan_Greenspan,0
30,Alan_Greenspan,0
32,Alan_Greenspan,0
34,Alan_Greenspan,0
36,Alan_Greenspan,0
38,Alan_Greenspan,0
40,Alan_Greenspan,0
0,Alastair_Campbell,0
2,Alastair_Campbell,0
4,Alastair_Campbell,0
6,Alastair_Campbell,0
8,Alastair_Campbell,0
10,Alastair_Campbell,0
12,Alastair_Campbell,0
14,Alastair_Campbell,0
16,Alastair_Campbell,0
18,Alastair_Campbell,0
20,Alastair_Campbell,0
22,Alastair_Campbell,0
24,Alastair_Campbell,0
26,Alastair_Campbell,0
28,Alastair_Campbell,0
30,Alastair_Campbell,0
32,Alastair_Campbell,0
34,Alastair_Campbell,0
36,Alastair_Campbell,0
38,Alastair_Campbell,0
40,Alastair_Campbell,0
0,Albert_Costa,0
2,Albert_Costa,0
4,Albert_Costa,0
6,Albert_Costa,0
8,Albert_Costa,0
10,Albert_Costa,0
12,Albert_Costa,0
14,Albert_Costa,0
16,Albert_Costa,0
18,Albert_Costa,0
20,Albert_Costa,0
22,Albert_Costa,0
24,Albert_Costa,0
26,Albert_Costa,0
28,Albert_Costa,0
30,Albert_Costa,0
32,Albert_Costa,0
34,Albert_Costa,0
36,Albert_Costa,0
38,Albert_Costa,0
40,Albert_Costa,0
0,Alejandro_Toledo,0
2,Alejandro_Toledo,0
4,Alejandro_Toledo,0
6,Alejandro_Toledo,0
8,Alejandro_Toledo,0
10,Alejandro_Toledo,0
12,Alejandro_Toledo,0
14,Alejandro_Toledo,0
16,Alejandro_Toledo,0
18,Alejandro_Toledo,0
20,Alejandro_Toledo,0
22,Alejandro_Toledo,0
24,Alejandro_Toledo,0
26,Alejandro_Toledo,0
28,Alejandro_Toledo,0
30,Alejandro_Toledo,0
32,Alejandro_Toledo,0
34,Alejandro_Toledo,0
36,Alejandro_Toledo,0
38,Alejandro_Toledo,0
40,Alejandro_Toledo,0
0,Ali_Naimi,1
2,Ali_Naimi,1
4,Ali_Naimi,1
6,Ali_Naimi,1
8,Ali_Naimi,1
10,Ali_Naimi,1
12,Ali_Naimi,0
14,Ali_Naimi,0
16,Ali_Naimi,0
18,Ali_Naimi,0
20,Ali_Naimi,0
22,Ali_Naimi,0
24,Ali_Naimi,0
26,Ali_Naimi,0
28,Ali_Naimi,0
30,Ali_Naimi,0
32,Ali_Naimi,0
34,Ali_Naimi,0
36,Ali_Naimi,0
38,Ali_Naimi,0
40,Ali_Naimi,0
0,Allyson_Felix,0
2,Allyson_Felix,0
4,Allyson_Felix,0
6,Allyson_Felix,0
8,Allyson_Felix,0
10,Allyson_Felix,0
12,Allyson_Felix,0
14,Allyson_Felix,0
16,Allyson_Felix,0
18,Allyson_Felix,0
20,Allyson_Felix,0
22,Allyson_Felix,0
24,Allyson_Felix,0
26,Allyson_Felix,0
28,Allyson_Felix,0
30,Allyson_Felix,0
32,Allyson_Felix,0
34,Allyson_Felix,0
36,Allyson_Felix,0
38,Allyson_Felix,0
40,Allyson_Felix,0
0,Alvaro_Uribe,0
2,Alvaro_Uribe,0
4,Alvaro_Uribe,0
6,Alvaro_Uribe,0
8,Alvaro_Uribe,0
10,Alvaro_Uribe,0
12,Alvaro_Uribe,0
14,Alvaro_Uribe,0
16,Alvaro_Uribe,0
18,Alvaro_Uribe,0
20,Alvaro_Uribe,0
22,Alvaro_Uribe,0
24,Alvaro_Uribe,0
26,Alvaro_Uribe,0
28,Alvaro_Uribe,0
30,Alvaro_Uribe,0
32,Alvaro_Uribe,0
34,Alvaro_Uribe,0
36,Alvaro_Uribe,0
38,Alvaro_Uribe,0
40,Alvaro_Uribe,0
0,Amelia_Vega,1
2,Amelia_Vega,1
4,Amelia_Vega,1
6,Amelia_Vega,0
8,Amelia_Vega,0
10,Amelia_Vega,0
12,Amelia_Vega,0
14,Amelia_Vega,0
16,Amelia_Vega,0
18,Amelia_Vega,0
20,Amelia_Vega,0
22,Amelia_Vega,0
24,Amelia_Vega,0
26,Amelia_Vega,0
28,Amelia_Vega,0
30,Amelia_Vega,0
32,Amelia_Vega,0
34,Amelia_Vega,0
36,Amelia_Vega,0
38,Amelia_Vega,0
40,Amelia_Vega,0
0,Amelie_Mauresmo,0
2,Amelie_Mauresmo,0
4,Amelie_Mauresmo,0
6,Amelie_Mauresmo,0
8,Amelie_Mauresmo,0
10,Amelie_Mauresmo,0
12,Amelie_Mauresmo,0
14,Amelie_Mauresmo,0
16,Amelie_Mauresmo,0
18,Amelie_Mauresmo,0
20,Amelie_Mauresmo,0
22,Amelie_Mauresmo,0
24,Amelie_Mauresmo,0
26,Amelie_Mauresmo,0
28,Amelie_Mauresmo,0
30,Amelie_Mauresmo,0
32,Amelie_Mauresmo,0
34,Amelie_Mauresmo,0
36,Amelie_Mauresmo,0
38,Amelie_Mauresmo,0
40,Amelie_Mauresmo,0
0,Ana_Guevara,1
2,Ana_Guevara,1
4,Ana_Guevara,1
6,Ana_Guevara,1
8,Ana_Guevara,1
10,Ana_Guevara,0
12,Ana_Guevara,0
14,Ana_Guevara,0
16,Ana_Guevara,0
18,Ana_Guevara,0
20,Ana_Guevara,0
22,Ana_Guevara,0
24,Ana_Guevara,0
26,Ana_Guevara,0
28,Ana_Guevara,0
30,Ana_Guevara,0
32,Ana_Guevara,0
34,Ana_Guevara,0
36,Ana_Guevara,0
38,Ana_Guevara,0
40,Ana_Guevara,0
0,Ana_Palacio,0
2,Ana_Palacio,0
4,Ana_Palacio,0
6,Ana_Palacio,0
8,Ana_Palacio,0
10,Ana_Palacio,0
12,Ana_Palacio,0
14,Ana_Palacio,0
16,Ana_Palacio,0
18,Ana_Palacio,0
20,Ana_Palacio,0
22,Ana_Palacio,0
24,Ana_Palacio,0
26,Ana_Palacio,0
28,Ana_Palacio,0
30,Ana_Palacio,0
32,Ana_Palacio,0
34,Ana_Palacio,0
36,Ana_Palacio,0
38,Ana_Palacio,0
40,Ana_Palacio,0
0,Andre_Agassi,1
2,Andre_Agassi,1
4,Andre_Agassi,1
6,Andre_Agassi,1
8,Andre_Agassi,1
10,Andre_Agassi,1
12,Andre_Agassi,1
14,Andre_Agassi,1
16,Andre_Agassi,0
18,Andre_Agassi,0
20,Andre_Agassi,0
22,Andre_Agassi,0
24,Andre_Agassi,0
26,Andre_Agassi,0
28,Andre_Agassi,0
30,Andre_Agassi,0
32,Andre_Agassi,0
34,Andre_Agassi,0
36,Andre_Agassi,0
38,Andre_Agassi,0
40,Andre_Agassi,0
0,Andy_Roddick,0
2,Andy_Roddick,0
4,Andy_Roddick,0
6,Andy_Roddick,0
8,Andy_Roddick,0
10,Andy_Roddick,0
12,Andy_Roddick,0
14,Andy_Roddick,0
16,Andy_Roddick,0
18,Andy_Roddick,0
20,Andy_Roddick,0
22,Andy_Roddick,0
24,Andy_Roddick,0
26,Andy_Roddick,0
28,Andy_Roddick,0
30,Andy_Roddick,0
32,Andy_Roddick,0
34,Andy_Roddick,0
36,Andy_Roddick,0
38,Andy_Roddick,0
40,Andy_Roddick,0
0,Angela_Bassett,0
2,Angela_Bassett,0
4,Angela_Bassett,0
6,Angela_Bassett,0
8,Angela_Bassett,0
10,Angela_Bassett,0
12,Angela_Bassett,0
14,Angela_Bassett,0
16,Angela_Bassett,0
18,Angela_Bassett,0
20,Angela_Bassett,0
22,Angela_Bassett,0
24,Angela_Bassett,0
26,Angela_Bassett,0
28,Angela_Bassett,0
30,Angela_Bassett,0
32,Angela_Bassett,0
34,Angela_Bassett,0
36,Angela_Bassett,0
38,Angela_Bassett,0
40,Angela_Bassett,0
0,Angela_Merkel,0
2,Angela_Merkel,0
4,Angela_Merkel,0
6,Angela_Merkel,0
8,Angela_Merkel,0
10,Angela_Merkel,0
12,Angela_Merkel,0
14,Angela_Merkel,0
16,Angela_Merkel,0
18,Angela_Merkel,0
20,Angela_Merkel,0
22,Angela_Merkel,0
24,Angela_Merkel,0
26,Angela_Merkel,0
28,Angela_Merkel,0
30,Angela_Merkel,0
32,Angela_Merkel,0
34,Angela_Merkel,0
36,Angela_Merkel,0
38,Angela_Merkel,0
40,Angela_Merkel,0
0,Angelina_Jolie,0
2,Angelina_Jolie,0
4,Angelina_Jolie,0
6,Angelina_Jolie,0
8,Angelina_Jolie,0
10,Angelina_Jolie,0
12,Angelina_Jolie,0
14,Angelina_Jolie,0
16,Angelina_Jolie,0
18,Angelina_Jolie,0
20,Angelina_Jolie,0
22,Angelina_Jolie,0
24,Angelina_Jolie,0
26,Angelina_Jolie,0
28,Angelina_Jolie,0
30,Angelina_Jolie,0
32,Angelina_Jolie,0
34,Angelina_Jolie,0
36,Angelina_Jolie,0
38,Angelina_Jolie,0
40,Angelina_Jolie,0
0,Ann_Veneman,0
2,Ann_Veneman,0
4,Ann_Veneman,0
6,Ann_Veneman,0
8,Ann_Veneman,0
10,Ann_Veneman,0
12,Ann_Veneman,0
14,Ann_Veneman,0
16,Ann_Veneman,0
18,Ann_Veneman,0
20,Ann_Veneman,0
22,Ann_Veneman,0
24,Ann_Veneman,0
26,Ann_Veneman,0
28,Ann_Veneman,0
30,Ann_Veneman,0
32,Ann_Veneman,0
34,Ann_Veneman,0
36,Ann_Veneman,0
38,Ann_Veneman,0
40,Ann_Veneman,0
0,Anna_Kournikova,0
2,Anna_Kournikova,0
4,Anna_Kournikova,0
6,Anna_Kournikova,0
8,Anna_Kournikova,0
10,Anna_Kournikova,0
12,Anna_Kournikova,0
14,Anna_Kournikova,0
16,Anna_Kournikova,0
18,Anna_Kournikova,0
20,Anna_Kournikova,0
22,Anna_Kournikova,0
24,Anna_Kournikova,0
26,Anna_Kournikova,0
28,Anna_Kournikova,0
30,Anna_Kournikova,0
32,Anna_Kournikova,0
34,Anna_Kournikova,0
36,Anna_Kournikova,0
38,Anna_Kournikova,0
40,Anna_Kournikova,0
0,Antonio_Banderas,0
2,Antonio_Banderas,0
4,Antonio_Banderas,0
6,Antonio_Banderas,0
8,Antonio_Banderas,0
10,Antonio_Banderas,0
12,Antonio_Banderas,0
14,Antonio_Banderas,0
16,Antonio_Banderas,0
18,Antonio_Banderas,0
20,Antonio_Banderas,0
22,Antonio_Banderas,0
24,Antonio_Banderas,0
26,Antonio_Banderas,0
28,Antonio_Banderas,0
30,Antonio_Banderas,0
32,Antonio_Banderas,0
34,Antonio_Banderas,0
36,Antonio_Banderas,0
38,Antonio_Banderas,0
40,Antonio_Banderas,0
0,Antonio_Palocci,1
2,Antonio_Palocci,1
4,Antonio_Palocci,1
6,Antonio_Palocci,0
8,Antonio_Palocci,0
10,Antonio_Palocci,0
12,Antonio_Palocci,0
14,Antonio_Palocci,0
16,Antonio_Palocci,0
18,Antonio_Palocci,0
20,Antonio_Palocci,0
22,Antonio_Palocci,0
24,Antonio_Palocci,0
26,Antonio_Palocci,0
28,Antonio_Palocci,0
30,Antonio_Palocci,0
32,Antonio_Palocci,0
34,Antonio_Palocci,0
36,Antonio_Palocci,0
38,Antonio_Palocci,0
40,Antonio_Palocci,0
0,Ari_Fleischer,0
2,Ari_Fleischer,0
4,Ari_Fleischer,0
6,Ari_Fleischer,0
8,Ari_Fleischer,0
10,Ari_Fleischer,0
12,Ari_Fleischer,0
14,Ari_Fleischer,0
16,Ari_Fleischer,0
18,Ari_Fleischer,0
20,Ari_Fleischer,0
22,Ari_Fleischer,0
24,Ari_Fleischer,0
26,Ari_Fleischer,0
28,Ari_Fleischer,0
30,Ari_Fleischer,0
32,Ari_Fleischer,0
34,Ari_Fleischer,0
36,Ari_Fleischer,0
38,Ari_Fleischer,0
40,Ari_Fleischer,0
0,Ariel_Sharon,0
2,Ariel_Sharon,0
4,Ariel_Sharon,0
6,Ariel_Sharon,0
8,Ariel_Sharon,0
10,Ariel_Sharon,0
12,Ariel_Sharon,0
14,Ariel_Sharon,0
16,Ariel_Sharon,0
18,Ariel_Sharon,0
20,Ariel_Sharon,0
22,Ariel_Sharon,0
24,Ariel_Sharon,0
26,Ariel_Sharon,0
28,Ariel_Sharon,0
30,Ariel_Sharon,0
32,Ariel_Sharon,0
34,Ariel_Sharon,0
36,Ariel_Sharon,0
38,Ariel_Sharon,0
40,Ariel_Sharon,0
0,Arminio_Fraga,0
2,Arminio_Fraga,0
4,Arminio_Fraga,0
6,Arminio_Fraga,0
8,Arminio_Fraga,0
10,Arminio_Fraga,0
12,Arminio_Fraga,0
14,Arminio_Fraga,0
16,Arminio_Fraga,0
18,Arminio_Fraga,0
20,Arminio_Fraga,0
22,Arminio_Fraga,0
24,Arminio_Fraga,0
26,Arminio_Fraga,0
28,Arminio_Fraga,0
30,Arminio_Fraga,0
32,Arminio_Fraga,0
34,Arminio_Fraga,0
36,Arminio_Fraga,0
38,Arminio_Fraga,0
40,Arminio_Fraga,0
0,Arnold_Schwarzenegger,0
2,Arnold_Schwarzenegger,0
4,Arnold_Schwarzenegger,0
6,Arnold_Schwarzenegger,0
8,Arnold_Schwarzenegger,0
10,Arnold_Schwarzenegger,0
12,Arnold_Schwarzenegger,0
14,Arnold_Schwarzenegger,0
16,Arnold_Schwarzenegger,0
18,Arnold_Schwarzenegger,0
20,Arnold_Schwarzenegger,0
22,Arnold_Schwarzenegger,0
24,Arnold_Schwarzenegger,0
26,Arnold_Schwarzenegger,0
28,Arnold_Schwarzenegger,0
30,Arnold_Schwarzenegger,0
32,Arnold_Schwarzenegger,0
34,Arnold_Schwarzenegger,0
36,Arnold_Schwarzenegger,0
38,Arnold_Schwarzenegger,0
40,Arnold_Schwarzenegger,0
0,Arnoldo_Aleman,0
2,Arnoldo_Aleman,0
4,Arnoldo_Aleman,0
6,Arnoldo_Aleman,0
8,Arnoldo_Aleman,0
10,Arnoldo_Aleman,0
12,Arnoldo_Aleman,0
14,Arnoldo_Aleman,0
16,Arnoldo_Aleman,0
18,Arnoldo_Aleman,0
20,Arnoldo_Aleman,0
22,Arnoldo_Aleman,0
24,Arnoldo_Aleman,0
26,Arnoldo_Aleman,0
28,Arnoldo_Aleman,0
30,Arnoldo_Aleman,0
32,Arnoldo_Aleman,0
34,Arnoldo_Aleman,0
36,Arnoldo_Aleman,0
38,Arnoldo_Aleman,0
40,Arnoldo_Aleman,0
0,Ashanti,0
2,Ashanti,0
4,Ashanti,0
6,Ashanti,0
8,Ashanti,0
10,Ashanti,0
12,Ashanti,0
14,Ashanti,0
16,Ashanti,0
18,Ashanti,0
20,Ashanti,0
22,Ashanti,0
24,Ashanti,0
26,Ashanti,0
28,Ashanti,0
30,Ashanti,0
32,Ashanti,0
34,Ashanti,0
36,Ashanti,0
38,Ashanti,0
40,Ashanti,0
0,Atal_Bihari_Vajpayee,0
2,Atal_Bihari_Vajpayee,0
4,Atal_Bihari_Vajpayee,0
6,Atal_Bihari_Vajpayee,0
8,Atal_Bihari_Vajpayee,0
10,Atal_Bihari_Vajpayee,0
12,Atal_Bihari_Vajpayee,0
14,Atal_Bihari_Vajpayee,0
16,Atal_Bihari_Vajpayee,0
18,Atal_Bihari_Vajpayee,0
20,Atal_Bihari_Vajpayee,0
22,Atal_Bihari_Vajpayee,0
24,Atal_Bihari_Vajpayee,0
26,Atal_Bihari_Vajpayee,0
28,Atal_Bihari_Vajpayee,0
30,Atal_Bihari_Vajpayee,0
32,Atal_Bihari_Vajpayee,0
34,Atal_Bihari_Vajpayee,0
36,Atal_Bihari_Vajpayee,0
38,Atal_Bihari_Vajpayee,0
40,Atal_Bihari_Vajpayee,0
0,Ben_Affleck,1
2,Ben_Affleck,1
4,Ben_Affleck,0
6,Ben_Affleck,0
8,Ben_Affleck,0
10,Ben_Affleck,0
12,Ben_Affleck,0
14,Ben_Affleck,0
16,Ben_Affleck,0
18,Ben_Affleck,0
20,Ben_Affleck,0
22,Ben_Affleck,0
24,Ben_Affleck,0
26,Ben_Affleck,0
28,Ben_Affleck,0
30,Ben_Affleck,0
32,Ben_Affleck,0
34,Ben_Affleck,0
36,Ben_Affleck,0
38,Ben_Affleck,0
40,Ben_Affleck,0
0,Benazir_Bhutto,0
2,Benazir_Bhutto,0
4,Benazir_Bhutto,0
6,Benazir_Bhutto,0
8,Benazir_Bhutto,0
10,Benazir_Bhutto,0
12,Benazir_Bhutto,0
14,Benazir_Bhutto,0
16,Benazir_Bhutto,0
18,Benazir_Bhutto,0
20,Benazir_Bhutto,0
22,Benazir_Bhutto,0
24,Benazir_Bhutto,0
26,Benazir_Bhutto,0
28,Benazir_Bhutto,0
30,Benazir_Bhutto,0
32,Benazir_Bhutto,0
34,Benazir_Bhutto,0
36,Benazir_Bhutto,0
38,Benazir_Bhutto,0
40,Benazir_Bhutto,0
0,Benjamin_Netanyahu,0
2,Benjamin_Netanyahu,0
4,Benjamin_Netanyahu,0
6,Benjamin_Netanyahu,0
8,Benjamin_Netanyahu,0
10,Benjamin_Netanyahu,0
12,Benjamin_Netanyahu,0
14,Benjamin_Netanyahu,0
16,Benjamin_Netanyahu,0
18,Benjamin_Netanyahu,0
20,Benjamin_Netanyahu,0
22,Benjamin_Netanyahu,0
24,Benjamin_Netanyahu,0
26,Benjamin_Netanyahu,0
28,Benjamin_Netanyahu,0
30,Benjamin_Netanyahu,0
32,Benjamin_Netanyahu,0
34,Benjamin_Netanyahu,0
36,Benjamin_Netanyahu,0
38,Benjamin_Netanyahu,0
40,Benjamin_Netanyahu,0
0,Bernard_Law,0
2,Bernard_Law,0
4,Bernard_Law,0
6,Bernard_Law,0
8,Bernard_Law,0
10,Bernard_Law,0
12,Bernard_Law,0
14,Bernard_Law,0
16,Bernard_Law,0
18,Bernard_Law,0
20,Bernard_Law,0
22,Bernard_Law,0
24,Bernard_Law,0
26,Bernard_Law,0
28,Bernard_Law,0
30,Bernard_Law,0
32,Bernard_Law,0
34,Bernard_Law,0
36,Bernard_Law,0
38,Bernard_Law,0
40,Bernard_Law,0
0,Bertie_Ahern,0
2,Bertie_Ahern,0
4,Bertie_Ahern,0
6,Bertie_Ahern,0
8,Bertie_Ahern,0
10,Bertie_Ahern,0
12,Bertie_Ahern,0
14,Bertie_Ahern,0
16,Bertie_Ahern,0
18,Bertie_Ahern,0
20,Bertie_Ahern,0
22,Bertie_Ahern,0
24,Bertie_Ahern,0
26,Bertie_Ahern,0
28,Bertie_Ahern,0
30,Bertie_Ahern,0
32,Bertie_Ahern,0
34,Bertie_Ahern,0
36,Bertie_Ahern,0
38,Bertie_Ahern,0
40,Bertie_Ahern,0
0,Bill_Clinton,0
2,Bill_Clinton,0
4,Bill_Clinton,0
6,Bill_Clinton,0
8,Bill_Clinton,0
10,Bill_Clinton,0
12,Bill_Clinton,0
14,Bill_Clinton,0
16,Bill_Clinton,0
18,Bill_Clinton,0
20,Bill_Clinton,0
22,Bill_Clinton,0
24,Bill_Clinton,0
26,Bill_Clinton,0
28,Bill_Clinton,0
30,Bill_Clinton,0
32,Bill_Clinton,0
34,Bill_Clinton,0
36,Bill_Clinton,0
38,Bill_Clinton,0
40,Bill_Clinton,0
0,Bill_Frist,0
2,Bill_Frist,0
4,Bill_Frist,0
6,Bill_Frist,0
8,Bill_Frist,0
10,Bill_Frist,0
12,Bill_Frist,0
14,Bill_Frist,0
16,Bill_Frist,0
18,Bill_Frist,0
20,Bill_Frist,0
22,Bill_Frist,0
24,Bill_Frist,0
26,Bill_Frist,0
28,Bill_Frist,0
30,Bill_Frist,0
32,Bill_Frist,0
34,Bill_Frist,0
36,Bill_Frist,0
38,Bill_Frist,0
40,Bill_Frist,0
0,Bill_Gates,0
2,Bill_Gates,0
4,Bill_Gates,0
6,Bill_Gates,0
8,Bill_Gates,0
10,Bill_Gates,0
12,Bill_Gates,0
14,Bill_Gates,0
16,Bill_Gates,0
18,Bill_Gates,0
20,Bill_Gates,0
22,Bill_Gates,0
24,Bill_Gates,0
26,Bill_Gates,0
28,Bill_Gates,0
30,Bill_Gates,0
32,Bill_Gates,0
34,Bill_Gates,0
36,Bill_Gates,0
38,Bill_Gates,0
40,Bill_Gates,0
0,Bill_Graham,0
2,Bill_Graham,0
4,Bill_Graham,0
6,Bill_Graham,0
8,Bill_Graham,0
10,Bill_Graham,0
12,Bill_Graham,0
14,Bill_Graham,0
16,Bill_Graham,0
18,Bill_Graham,0
20,Bill_Graham,0
22,Bill_Graham,0
24,Bill_Graham,0
26,Bill_Graham,0
28,Bill_Graham,0
30,Bill_Graham,0
32,Bill_Graham,0
34,Bill_Graham,0
36,Bill_Graham,0
38,Bill_Graham,0
40,Bill_Graham,0
0,Bill_McBride,1
2,Bill_McBride,1
4,Bill_McBride,1
6,Bill_McBride,1
8,Bill_McBride,1
10,Bill_McBride,1
12,Bill_McBride,0
14,Bill_McBride,0
16,Bill_McBride,0
18,Bill_McBride,0
20,Bill_McBride,0
22,Bill_McBride,0
24,Bill_McBride,0
26,Bill_McBride,0
28,Bill_McBride,0
30,Bill_McBride,0
32,Bill_McBride,0
34,Bill_McBride,0
36,Bill_McBride,0
38,Bill_McBride,0
40,Bill_McBride,0
0,Bill_Simon,1
2,Bill_Simon,1
4,Bill_Simon,0
6,Bill_Simon,0
8,Bill_Simon,0
10,Bill_Simon,0
12,Bill_Simon,0
14,Bill_Simon,0
16,Bill_Simon,0
18,Bill_Simon,0
20,Bill_Simon,0
22,Bill_Simon,0
24,Bill_Simon,0
26,Bill_Simon,0
28,Bill_Simon,0
30,Bill_Simon,0
32,Bill_Simon,0
34,Bill_Simon,0
36,Bill_Simon,0
38,Bill_Simon,0
40,Bill_Simon,0
0,Billy_Crystal,0
2,Billy_Crystal,0
4,Billy_Crystal,0
6,Billy_Crystal,0
8,Billy_Crystal,0
10,Billy_Crystal,0
12,Billy_Crystal,0
14,Billy_Crystal,0
16,Billy_Crystal,0
18,Billy_Crystal,0
20,Billy_Crystal,0
22,Billy_Crystal,0
24,Billy_Crystal,0
26,Billy_Crystal,0
28,Billy_Crystal,0
30,Billy_Crystal,0
32,Billy_Crystal,0
34,Billy_Crystal,0
36,Billy_Crystal,0
38,Billy_Crystal,0
40,Billy_Crystal,0
0,Binyamin_Ben-Eliezer,0
2,Binyamin_Ben-Eliezer,0
4,Binyamin_Ben-Eliezer,0
6,Binyamin_Ben-Eliezer,0
8,Binyamin_Ben-Eliezer,0
10,Binyamin_Ben-Eliezer,0
12,Binyamin_Ben-Eliezer,0
14,Binyamin_Ben-Eliezer,0
16,Binyamin_Ben-Eliezer,0
18,Binyamin_Ben-Eliezer,0
20,Binyamin_Ben-Eliezer,0
22,Binyamin_Ben-Eliezer,0
24,Binyamin_Ben-Eliezer,0
26,Binyamin_Ben-Eliezer,0
28,Binyamin_Ben-Eliezer,0
30,Binyamin_Ben-Eliezer,0
32,Binyamin_Ben-Eliezer,0
34,Binyamin_Ben-Eliezer,0
36,Binyamin_Ben-Eliezer,0
38,Binyamin_Ben-Eliezer,0
40,Binyamin_Ben-Eliezer,0
0,Bob_Graham,0
2,Bob_Graham,0
4,Bob_Graham,0
6,Bob_Graham,0
8,Bob_Graham,0
10,Bob_Graham,0
12,Bob_Graham,0
14,Bob_Graham,0
16,Bob_Graham,0
18,Bob_Graham,0
20,Bob_Graham,0
22,Bob_Graham,0
24,Bob_Graham,0
26,Bob_Graham,0
28,Bob_Graham,0
30,Bob_Graham,0
32,Bob_Graham,0
34,Bob_Graham,0
36,Bob_Graham,0
38,Bob_Graham,0
40,Bob_Graham,0
0,Bob_Hope,0
2,Bob_Hope,0
4,Bob_Hope,0
6,Bob_Hope,0
8,Bob_Hope,0
10,Bob_Hope,0
12,Bob_Hope,0
14,Bob_Hope,0
16,Bob_Hope,0
18,Bob_Hope,0
20,Bob_Hope,0
22,Bob_Hope,0
24,Bob_Hope,0
26,Bob_Hope,0
28,Bob_Hope,0
30,Bob_Hope,0
32,Bob_Hope,0
34,Bob_Hope,0
36,Bob_Hope,0
38,Bob_Hope,0
40,Bob_Hope,0
0,Bob_Stoops,1
2,Bob_Stoops,1
4,Bob_Stoops,1
6,Bob_Stoops,0
8,Bob_Stoops,0
10,Bob_Stoops,0
12,Bob_Stoops,0
14,Bob_Stoops,0
16,Bob_Stoops,0
18,Bob_Stoops,0
20,Bob_Stoops,0
22,Bob_Stoops,0
24,Bob_Stoops,0
26,Bob_Stoops,0
28,Bob_Stoops,0
30,Bob_Stoops,0
32,Bob_Stoops,0
34,Bob_Stoops,0
36,Bob_Stoops,0
38,Bob_Stoops,0
40,Bob_Stoops,0
0,Boris_Becker,0
2,Boris_Becker,0
4,Boris_Becker,0
6,Boris_Becker,0
8,Boris_Becker,0
10,Boris_Becker,0
12,Boris_Becker,0
14,Boris_Becker,0
16,Boris_Becker,0
18,Boris_Becker,0
20,Boris_Becker,0
22,Boris_Becker,0
24,Boris_Becker,0
26,Boris_Becker,0
28,Boris_Becker,0
30,Boris_Becker,0
32,Boris_Becker,0
34,Boris_Becker,0
36,Boris_Becker,0
38,Boris_Becker,0
40,Boris_Becker,0
0,Brad_Johnson,0
2,Brad_Johnson,0
4,Brad_Johnson,0
6,Brad_Johnson,0
8,Brad_Johnson,0
10,Brad_Johnson,0
12,Brad_Johnson,0
14,Brad_Johnson,0
16,Brad_Johnson,0
18,Brad_Johnson,0
20,Brad_Johnson,0
22,Brad_Johnson,0
24,Brad_Johnson,0
26,Brad_Johnson,0
28,Brad_Johnson,0
30,Brad_Johnson,0
32,Brad_Johnson,0
34,Brad_Johnson,0
36,Brad_Johnson,0
38,Brad_Johnson,0
40,Brad_Johnson,0
0,Britney_Spears,1
2,Britney_Spears,1
4,Britney_Spears,1
6,Britney_Spears,1
8,Britney_Spears,1
10,Britney_Spears,1
12,Britney_Spears,1
14,Britney_Spears,1
16,Britney_Spears,1
18,Britney_Spears,1
20,Britney_Spears,1
22,Britney_Spears,0
24,Britney_Spears,0
26,Britney_Spears,0
28,Britney_Spears,0
30,Britney_Spears,0
32,Britney_Spears,0
34,Britney_Spears,0
36,Britney_Spears,0
38,Britney_Spears,0
40,Britney_Spears,0
0,Bulent_Ecevit,1
2,Bulent_Ecevit,1
4,Bulent_Ecevit,1
6,Bulent_Ecevit,0
8,Bulent_Ecevit,0
10,Bulent_Ecevit,0
12,Bulent_Ecevit,0
14,Bulent_Ecevit,0
16,Bulent_Ecevit,0
18,Bulent_Ecevit,0
20,Bulent_Ecevit,0
22,Bulent_Ecevit,0
24,Bulent_Ecevit,0
26,Bulent_Ecevit,0
28,Bulent_Ecevit,0
30,Bulent_Ecevit,0
32,Bulent_Ecevit,0
34,Bulent_Ecevit,0
36,Bulent_Ecevit,0
38,Bulent_Ecevit,0
40,Bulent_Ecevit,0
0,Calista_Flockhart,1
2,Calista_Flockhart,1
4,Calista_Flockhart,1
6,Calista_Flockhart,1
8,Calista_Flockhart,1
10,Calista_Flockhart,1
12,Calista_Flockhart,1
14,Calista_Flockhart,0
16,Calista_Flockhart,0
18,Calista_Flockhart,0
20,Calista_Flockhart,0
22,Calista_Flockhart,0
24,Calista_Flockhart,0
26,Calista_Flockhart,0
28,Calista_Flockhart,0
30,Calista_Flockhart,0
32,Calista_Flockhart,0
34,Calista_Flockhart,0
36,Calista_Flockhart,0
38,Calista_Flockhart,0
40,Calista_Flockhart,0
0,Cameron_Diaz,0
2,Cameron_Diaz,0
4,Cameron_Diaz,0
6,Cameron_Diaz,0
8,Cameron_Diaz,0
10,Cameron_Diaz,0
12,Cameron_Diaz,0
14,Cameron_Diaz,0
16,Cameron_Diaz,0
18,Cameron_Diaz,0
20,Cameron_Diaz,0
22,Cameron_Diaz,0
24,Cameron_Diaz,0
26,Cameron_Diaz,0
28,Cameron_Diaz,0
30,Cameron_Diaz,0
32,Cameron_Diaz,0
34,Cameron_Diaz,0
36,Cameron_Diaz,0
38,Cameron_Diaz,0
40,Cameron_Diaz,0
0,Carla_Del_Ponte,1
2,Carla_Del_Ponte,1
4,Carla_Del_Ponte,1
6,Carla_Del_Ponte,1
8,Carla_Del_Ponte,1
10,Carla_Del_Ponte,1
12,Carla_Del_Ponte,1
14,Carla_Del_Ponte,1
16,Carla_Del_Ponte,1
18,Carla_Del_Ponte,0
20,Carla_Del_Ponte,0
22,Carla_Del_Ponte,0
24,Carla_Del_Ponte,0
26,Carla_Del_Ponte,0
28,Carla_Del_Ponte,0
30,Carla_Del_Ponte,0
32,Carla_Del_Ponte,0
34,Carla_Del_Ponte,0
36,Carla_Del_Ponte,0
38,Carla_Del_Ponte,0
40,Carla_Del_Ponte,0
0,Carlos_Menem,0
2,Carlos_Menem,0
4,Carlos_Menem,0
6,Carlos_Menem,0
8,Carlos_Menem,0
10,Carlos_Menem,0
12,Carlos_Menem,0
14,Carlos_Menem,0
16,Carlos_Menem,0
18,Carlos_Menem,0
20,Carlos_Menem,0
22,Carlos_Menem,0
24,Carlos_Menem,0
26,Carlos_Menem,0
28,Carlos_Menem,0
30,Carlos_Menem,0
32,Carlos_Menem,0
34,Carlos_Menem,0
36,Carlos_Menem,0
38,Carlos_Menem,0
40,Carlos_Menem,0
0,Carlos_Moya,0
2,Carlos_Moya,0
4,Carlos_Moya,0
6,Carlos_Moya,0
8,Carlos_Moya,0
10,Carlos_Moya,0
12,Carlos_Moya,0
14,Carlos_Moya,0
16,Carlos_Moya,0
18,Carlos_Moya,0
20,Carlos_Moya,0
22,Carlos_Moya,0
24,Carlos_Moya,0
26,Carlos_Moya,0
28,Carlos_Moya,0
30,Carlos_Moya,0
32,Carlos_Moya,0
34,Carlos_Moya,0
36,Carlos_Moya,0
38,Carlos_Moya,0
40,Carlos_Moya,0
0,Carmen_Electra,0
2,Carmen_Electra,0
4,Carmen_Electra,0
6,Carmen_Electra,0
8,Carmen_Electra,0
10,Carmen_Electra,0
12,Carmen_Electra,0
14,Carmen_Electra,0
16,Carmen_Electra,0
18,Carmen_Electra,0
20,Carmen_Electra,0
22,Carmen_Electra,0
24,Carmen_Electra,0
26,Carmen_Electra,0
28,Carmen_Electra,0
30,Carmen_Electra,0
32,Carmen_Electra,0
34,Carmen_Electra,0
36,Carmen_Electra,0
38,Carmen_Electra,0
40,Carmen_Electra,0
0,Carrie-Anne_Moss,1
2,Carrie-Anne_Moss,1
4,Carrie-Anne_Moss,1
6,Carrie-Anne_Moss,1
8,Carrie-Anne_Moss,1
10,Carrie-Anne_Moss,1
12,Carrie-Anne_Moss,0
14,Carrie-Anne_Moss,0
16,Carrie-Anne_Moss,0
18,Carrie-Anne_Moss,0
20,Carrie-Anne_Moss,0
22,Carrie-Anne_Moss,0
24,Carrie-Anne_Moss,0
26,Carrie-Anne_Moss,0
28,Carrie-Anne_Moss,0
30,Carrie-Anne_Moss,0
32,Carrie-Anne_Moss,0
34,Carrie-Anne_Moss,0
36,Carrie-Anne_Moss,0
38,Carrie-Anne_Moss,0
40,Carrie-Anne_Moss,0
0,Catherine_Deneuve,1
2,Catherine_Deneuve,0
4,Catherine_Deneuve,0
6,Catherine_Deneuve,0
8,Catherine_Deneuve,0
10,Catherine_Deneuve,0
12,Catherine_Deneuve,0
14,Catherine_Deneuve,0
16,Catherine_Deneuve,0
18,Catherine_Deneuve,0
20,Catherine_Deneuve,0
22,Catherine_Deneuve,0
24,Catherine_Deneuve,0
26,Catherine_Deneuve,0
28,Catherine_Deneuve,0
30,Catherine_Deneuve,0
32,Catherine_Deneuve,0
34,Catherine_Deneuve,0
36,Catherine_Deneuve,0
38,Catherine_Deneuve,0
40,Catherine_Deneuve,0
0,Catherine_Zeta-Jones,0
2,Catherine_Zeta-Jones,0
4,Catherine_Zeta-Jones,0
6,Catherine_Zeta-Jones,0
8,Catherine_Zeta-Jones,0
10,Catherine_Zeta-Jones,0
12,Catherine_Zeta-Jones,0
14,Catherine_Zeta-Jones,0
16,Catherine_Zeta-Jones,0
18,Catherine_Zeta-Jones,0
20,Catherine_Zeta-Jones,0
22,Catherine_Zeta-Jones,0
24,Catherine_Zeta-Jones,0
26,Catherine_Zeta-Jones,0
28,Catherine_Zeta-Jones,0
30,Catherine_Zeta-Jones,0
32,Catherine_Zeta-Jones,0
34,Catherine_Zeta-Jones,0
36,Catherine_Zeta-Jones,0
38,Catherine_Zeta-Jones,0
40,Catherine_Zeta-Jones,0
0,Celine_Dion,0
2,Celine_Dion,0
4,Celine_Dion,0
6,Celine_Dion,0
8,Celine_Dion,0
10,Celine_Dion,0
12,Celine_Dion,0
14,Celine_Dion,0
16,Celine_Dion,0
18,Celine_Dion,0
20,Celine_Dion,0
22,Celine_Dion,0
24,Celine_Dion,0
26,Celine_Dion,0
28,Celine_Dion,0
30,Celine_Dion,0
32,Celine_Dion,0
34,Celine_Dion,0
36,Celine_Dion,0
38,Celine_Dion,0
40,Celine_Dion,0
0,Cesar_Gaviria,1
2,Cesar_Gaviria,1
4,Cesar_Gaviria,1
6,Cesar_Gaviria,1
8,Cesar_Gaviria,1
10,Cesar_Gaviria,1
12,Cesar_Gaviria,1
14,Cesar_Gaviria,0
16,Cesar_Gaviria,0
18,Cesar_Gaviria,0
20,Cesar_Gaviria,0
22,Cesar_Gaviria,0
24,Cesar_Gaviria,0
26,Cesar_Gaviria,0
28,Cesar_Gaviria,0
30,Cesar_Gaviria,0
32,Cesar_Gaviria,0
34,Cesar_Gaviria,0
36,Cesar_Gaviria,0
38,Cesar_Gaviria,0
40,Cesar_Gaviria,0
0,Chanda_Rubin,0
2,Chanda_Rubin,0
4,Chanda_Rubin,0
6,Chanda_Rubin,0
8,Chanda_Rubin,0
10,Chanda_Rubin,0
12,Chanda_Rubin,0
14,Chanda_Rubin,0
16,Chanda_Rubin,0
18,Chanda_Rubin,0
20,Chanda_Rubin,0
22,Chanda_Rubin,0
24,Chanda_Rubin,0
26,Chanda_Rubin,0
28,Chanda_Rubin,0
30,Chanda_Rubin,0
32,Chanda_Rubin,0
34,Chanda_Rubin,0
36,Chanda_Rubin,0
38,Chanda_Rubin,0
40,Chanda_Rubin,0
0,Charles_Moose,1
2,Charles_Moose,1
4,Charles_Moose,1
6,Charles_Moose,1
8,Charles_Moose,1
10,Charles_Moose,0
12,Charles_Moose,0
14,Charles_Moose,0
16,Charles_Moose,0
18,Charles_Moose,0
20,Charles_Moose,0
22,Charles_Moose,0
24,Charles_Moose,0
26,Charles_Moose,0
28,Charles_Moose,0
30,Charles_Moose,0
32,Charles_Moose,0
34,Charles_Moose,0
36,Charles_Moose,0
38,Charles_Moose,0
40,Charles_Moose,0
0,Charles_Taylor,1
2,Charles_Taylor,0
4,Charles_Taylor,0
6,Charles_Taylor,0
8,Charles_Taylor,0
10,Charles_Taylor,0
12,Charles_Taylor,0
14,Charles_Taylor,0
16,Charles_Taylor,0
18,Charles_Taylor,0
20,Charles_Taylor,0
22,Charles_Taylor,0
24,Charles_Taylor,0
26,Charles_Taylor,0
28,Charles_Taylor,0
30,Charles_Taylor,0
32,Charles_Taylor,0
34,Charles_Taylor,0
36,Charles_Taylor,0
38,Charles_Taylor,0
40,Charles_Taylor,0
0,Charlton_Heston,0
2,Charlton_Heston,0
4,Charlton_Heston,0
6,Charlton_Heston,0
8,Charlton_Heston,0
10,Charlton_Heston,0
12,Charlton_Heston,0
14,Charlton_Heston,0
16,Charlton_Heston,0
18,Charlton_Heston,0
20,Charlton_Heston,0
22,Charlton_Heston,0
24,Charlton_Heston,0
26,Charlton_Heston,0
28,Charlton_Heston,0
30,Charlton_Heston,0
32,Charlton_Heston,0
34,Charlton_Heston,0
36,Charlton_Heston,0
38,Charlton_Heston,0
40,Charlton_Heston,0
0,Chen_Shui-bian,0
2,Chen_Shui-bian,0
4,Chen_Shui-bian,0
6,Chen_Shui-bian,0
8,Chen_Shui-bian,0
10,Chen_Shui-bian,0
12,Chen_Shui-bian,0
14,Chen_Shui-bian,0
16,Chen_Shui-bian,0
18,Chen_Shui-bian,0
20,Chen_Shui-bian,0
22,Chen_Shui-bian,0
24,Chen_Shui-bian,0
26,Chen_Shui-bian,0
28,Chen_Shui-bian,0
30,Chen_Shui-bian,0
32,Chen_Shui-bian,0
34,Chen_Shui-bian,0
36,Chen_Shui-bian,0
38,Chen_Shui-bian,0
40,Chen_Shui-bian,0
0,Choi_Sung-hong,1
2,Choi_Sung-hong,1
4,Choi_Sung-hong,1
6,Choi_Sung-hong,1
8,Choi_Sung-hong,1
10,Choi_Sung-hong,1
12,Choi_Sung-hong,1
14,Choi_Sung-hong,0
16,Choi_Sung-hong,0
18,Choi_Sung-hong,0
20,Choi_Sung-hong,0
22,Choi_Sung-hong,0
24,Choi_Sung-hong,0
26,Choi_Sung-hong,0
28,Choi_Sung-hong,0
30,Choi_Sung-hong,0
32,Choi_Sung-hong,0
34,Choi_Sung-hong,0
36,Choi_Sung-hong,0
38,Choi_Sung-hong,0
40,Choi_Sung-hong,0
0,Christine_Baumgartner,0
2,Christine_Baumgartner,0
4,Christine_Baumgartner,0
6,Christine_Baumgartner,0
8,Christine_Baumgartner,0
10,Christine_Baumgartner,0
12,Christine_Baumgartner,0
14,Christine_Baumgartner,0
16,Christine_Baumgartner,0
18,Christine_Baumgartner,0
20,Christine_Baumgartner,0
22,Christine_Baumgartner,0
24,Christine_Baumgartner,0
26,Christine_Baumgartner,0
28,Christine_Baumgartner,0
30,Christine_Baumgartner,0
32,Christine_Baumgartner,0
34,Christine_Baumgartner,0
36,Christine_Baumgartner,0
38,Christine_Baumgartner,0
40,Christine_Baumgartner,0
0,Christine_Todd_Whitman,0
2,Christine_Todd_Whitman,0
4,Christine_Todd_Whitman,0
6,Christine_Todd_Whitman,0
8,Christine_Todd_Whitman,0
10,Christine_Todd_Whitman,0
12,Christine_Todd_Whitman,0
14,Christine_Todd_Whitman,0
16,Christine_Todd_Whitman,0
18,Christine_Todd_Whitman,0
20,Christine_Todd_Whitman,0
22,Christine_Todd_Whitman,0
24,Christine_Todd_Whitman,0
26,Christine_Todd_Whitman,0
28,Christine_Todd_Whitman,0
30,Christine_Todd_Whitman,0
32,Christine_Todd_Whitman,0
34,Christine_Todd_Whitman,0
36,Christine_Todd_Whitman,0
38,Christine_Todd_Whitman,0
40,Christine_Todd_Whitman,0
0,Ciro_Gomes,0
2,Ciro_Gomes,0
4,Ciro_Gomes,0
6,Ciro_Gomes,0
8,Ciro_Gomes,0
10,Ciro_Gomes,0
12,Ciro_Gomes,0
14,Ciro_Gomes,0
16,Ciro_Gomes,0
18,Ciro_Gomes,0
20,Ciro_Gomes,0
22,Ciro_Gomes,0
24,Ciro_Gomes,0
26,Ciro_Gomes,0
28,Ciro_Gomes,0
30,Ciro_Gomes,0
32,Ciro_Gomes,0
34,Ciro_Gomes,0
36,Ciro_Gomes,0
38,Ciro_Gomes,0
40,Ciro_Gomes,0
0,Clara_Harris,1
2,Clara_Harris,1
4,Clara_Harris,1
6,Clara_Harris,1
8,Clara_Harris,1
10,Clara_Harris,1
12,Clara_Harris,1
14,Clara_Harris,0
16,Clara_Harris,0
18,Clara_Harris,0
20,Clara_Harris,0
22,Clara_Harris,0
24,Clara_Harris,0
26,Clara_Harris,0
28,Clara_Harris,0
30,Clara_Harris,0
32,Clara_Harris,0
34,Clara_Harris,0
36,Clara_Harris,0
38,Clara_Harris,0
40,Clara_Harris,0
0,Claudia_Pechstein,1
2,Claudia_Pechstein,1
4,Claudia_Pechstein,1
6,Claudia_Pechstein,1
8,Claudia_Pechstein,1
10,Claudia_Pechstein,1
12,Claudia_Pechstein,1
14,Claudia_Pechstein,0
16,Claudia_Pechstein,0
18,Claudia_Pechstein,0
20,Claudia_Pechstein,0
22,Claudia_Pechstein,0
24,Claudia_Pechstein,0
26,Claudia_Pechstein,0
28,Claudia_Pechstein,0
30,Claudia_Pechstein,0
32,Claudia_Pechstein,0
34,Claudia_Pechstein,0
36,Claudia_Pechstein,0
38,Claudia_Pechstein,0
40,Claudia_Pechstein,0
0,Clay_Aiken,0
2,Clay_Aiken,0
4,Clay_Aiken,0
6,Clay_Aiken,0
8,Clay_Aiken,0
10,Clay_Aiken,0
12,Clay_Aiken,0
14,Clay_Aiken,0
16,Clay_Aiken,0
18,Clay_Aiken,0
20,Clay_Aiken,0
22,Clay_Aiken,0
24,Clay_Aiken,0
26,Clay_Aiken,0
28,Clay_Aiken,0
30,Clay_Aiken,0
32,Clay_Aiken,0
34,Clay_Aiken,0
36,Clay_Aiken,0
38,Clay_Aiken,0
40,Clay_Aiken,0
0,Clint_Eastwood,0
2,Clint_Eastwood,0
4,Clint_Eastwood,0
6,Clint_Eastwood,0
8,Clint_Eastwood,0
10,Clint_Eastwood,0
12,Clint_Eastwood,0
14,Clint_Eastwood,0
16,Clint_Eastwood,0
18,Clint_Eastwood,0
20,Clint_Eastwood,0
22,Clint_Eastwood,0
24,Clint_Eastwood,0
26,Clint_Eastwood,0
28,Clint_Eastwood,0
30,Clint_Eastwood,0
32,Clint_Eastwood,0
34,Clint_Eastwood,0
36,Clint_Eastwood,0
38,Clint_Eastwood,0
40,Clint_Eastwood,0
0,Colin_Farrell,0
2,Colin_Farrell,0
4,Colin_Farrell,0
6,Colin_Farrell,0
8,Colin_Farrell,0
10,Colin_Farrell,0
12,Colin_Farrell,0
14,Colin_Farrell,0
16,Colin_Farrell,0
18,Colin_Farrell,0
20,Colin_Farrell,0
22,Colin_Farrell,0
24,Colin_Farrell,0
26,Colin_Farrell,0
28,Colin_Farrell,0
30,Colin_Farrell,0
32,Colin_Farrell,0
34,Colin_Farrell,0
36,Colin_Farrell,0
38,Colin_Farrell,0
40,Colin_Farrell,0
0,Colin_Montgomerie,0
2,Colin_Montgomerie,0
4,Colin_Montgomerie,0
6,Colin_Montgomerie,0
8,Colin_Montgomerie,0
10,Colin_Montgomerie,0
12,Colin_Montgomerie,0
14,Colin_Montgomerie,0
16,Colin_Montgomerie,0
18,Colin_Montgomerie,0
20,Colin_Montgomerie,0
22,Colin_Montgomerie,0
24,Colin_Montgomerie,0
26,Colin_Montgomerie,0
28,Colin_Montgomerie,0
30,Colin_Montgomerie,0
32,Colin_Montgomerie,0
34,Colin_Montgomerie,0
36,Colin_Montgomerie,0
38,Colin_Montgomerie,0
40,Colin_Montgomerie,0
0,Colin_Powell,1
2,Colin_Powell,1
4,Colin_Powell,1
6,Colin_Powell,1
8,Colin_Powell,1
10,Colin_Powell,1
12,Colin_Powell,1
14,Colin_Powell,1
16,Colin_Powell,1
18,Colin_Powell,0
20,Colin_Powell,0
22,Colin_Powell,0
24,Colin_Powell,0
26,Colin_Powell,0
28,Colin_Powell,0
30,Colin_Powell,0
32,Colin_Powell,0
34,Colin_Powell,0
36,Colin_Powell,0
38,Colin_Powell,0
40,Colin_Powell,0
0,Condoleezza_Rice,0
2,Condoleezza_Rice,0
4,Condoleezza_Rice,0
6,Condoleezza_Rice,0
8,Condoleezza_Rice,0
10,Condoleezza_Rice,0
12,Condoleezza_Rice,0
14,Condoleezza_Rice,0
16,Condoleezza_Rice,0
18,Condoleezza_Rice,0
20,Condoleezza_Rice,0
22,Condoleezza_Rice,0
24,Condoleezza_Rice,0
26,Condoleezza_Rice,0
28,Condoleezza_Rice,0
30,Condoleezza_Rice,0
32,Condoleezza_Rice,0
34,Condoleezza_Rice,0
36,Condoleezza_Rice,0
38,Condoleezza_Rice,0
40,Condoleezza_Rice,0
0,Costas_Simitis,0
2,Costas_Simitis,0
4,Costas_Simitis,0
6,Costas_Simitis,0
8,Costas_Simitis,0
10,Costas_Simitis,0
12,Costas_Simitis,0
14,Costas_Simitis,0
16,Costas_Simitis,0
18,Costas_Simitis,0
20,Costas_Simitis,0
22,Costas_Simitis,0
24,Costas_Simitis,0
26,Costas_Simitis,0
28,Costas_Simitis,0
30,Costas_Simitis,0
32,Costas_Simitis,0
34,Costas_Simitis,0
36,Costas_Simitis,0
38,Costas_Simitis,0
40,Costas_Simitis,0
0,Cruz_Bustamante,0
2,Cruz_Bustamante,0
4,Cruz_Bustamante,0
6,Cruz_Bustamante,0
8,Cruz_Bustamante,0
10,Cruz_Bustamante,0
12,Cruz_Bustamante,0
14,Cruz_Bustamante,0
16,Cruz_Bustamante,0
18,Cruz_Bustamante,0
20,Cruz_Bustamante,0
22,Cruz_Bustamante,0
24,Cruz_Bustamante,0
26,Cruz_Bustamante,0
28,Cruz_Bustamante,0
30,Cruz_Bustamante,0
32,Cruz_Bustamante,0
34,Cruz_Bustamante,0
36,Cruz_Bustamante,0
38,Cruz_Bustamante,0
40,Cruz_Bustamante,0
0,David_Anderson,0
2,David_Anderson,0
4,David_Anderson,0
6,David_Anderson,0
8,David_Anderson,0
10,David_Anderson,0
12,David_Anderson,0
14,David_Anderson,0
16,David_Anderson,0
18,David_Anderson,0
20,David_Anderson,0
22,David_Anderson,0
24,David_Anderson,0
26,David_Anderson,0
28,David_Anderson,0
30,David_Anderson,0
32,David_Anderson,0
34,David_Anderson,0
36,David_Anderson,0
38,David_Anderson,0
40,David_Anderson,0
0,David_Beckham,0
2,David_Beckham,0
4,David_Beckham,0
6,David_Beckham,0
8,David_Beckham,0
10,David_Beckham,0
12,David_Beckham,0
14,David_Beckham,0
16,David_Beckham,0
18,David_Beckham,0
20,David_Beckham,0
22,David_Beckham,0
24,David_Beckham,0
26,David_Beckham,0
28,David_Beckham,0
30,David_Beckham,0
32,David_Beckham,0
34,David_Beckham,0
36,David_Beckham,0
38,David_Beckham,0
40,David_Beckham,0
0,David_Heymann,0
2,David_Heymann,0
4,David_Heymann,0
6,David_Heymann,0
8,David_Heymann,0
10,David_Heymann,0
12,David_Heymann,0
14,David_Heymann,0
16,David_Heymann,0
18,David_Heymann,0
20,David_Heymann,0
22,David_Heymann,0
24,David_Heymann,0
26,David_Heymann,0
28,David_Heymann,0
30,David_Heymann,0
32,David_Heymann,0
34,David_Heymann,0
36,David_Heymann,0
38,David_Heymann,0
40,David_Heymann,0
0,David_Nalbandian,1
2,David_Nalbandian,1
4,David_Nalbandian,1
6,David_Nalbandian,1
8,David_Nalbandian,0
10,David_Nalbandian,0
12,David_Nalbandian,0
14,David_Nalbandian,0
16,David_Nalbandian,0
18,David_Nalbandian,0
20,David_Nalbandian,0
22,David_Nalbandian,0
24,David_Nalbandian,0
26,David_Nalbandian,0
28,David_Nalbandian,0
30,David_Nalbandian,0
32,David_Nalbandian,0
34,David_Nalbandian,0
36,David_Nalbandian,0
38,David_Nalbandian,0
40,David_Nalbandian,0
0,David_Trimble,0
2,David_Trimble,0
4,David_Trimble,0
6,David_Trimble,0
8,David_Trimble,0
10,David_Trimble,0
12,David_Trimble,0
14,David_Trimble,0
16,David_Trimble,0
18,David_Trimble,0
20,David_Trimble,0
22,David_Trimble,0
24,David_Trimble,0
26,David_Trimble,0
28,David_Trimble,0
30,David_Trimble,0
32,David_Trimble,0
34,David_Trimble,0
36,David_Trimble,0
38,David_Trimble,0
40,David_Trimble,0
0,Dennis_Hastert,0
2,Dennis_Hastert,0
4,Dennis_Hastert,0
6,Dennis_Hastert,0
8,Dennis_Hastert,0
10,Dennis_Hastert,0
12,Dennis_Hastert,0
14,Dennis_Hastert,0
16,Dennis_Hastert,0
18,Dennis_Hastert,0
20,Dennis_Hastert,0
22,Dennis_Hastert,0
24,Dennis_Hastert,0
26,Dennis_Hastert,0
28,Dennis_Hastert,0
30,Dennis_Hastert,0
32,Dennis_Hastert,0
34,Dennis_Hastert,0
36,Dennis_Hastert,0
38,Dennis_Hastert,0
40,Dennis_Hastert,0
0,Dennis_Kucinich,1
2,Dennis_Kucinich,1
4,Dennis_Kucinich,1
6,Dennis_Kucinich,0
8,Dennis_Kucinich,1
10,Dennis_Kucinich,1
12,Dennis_Kucinich,1
14,Dennis_Kucinich,0
16,Dennis_Kucinich,0
18,Dennis_Kucinich,0
20,Dennis_Kucinich,0
22,Dennis_Kucinich,0
24,Dennis_Kucinich,0
26,Dennis_Kucinich,0
28,Dennis_Kucinich,0
30,Dennis_Kucinich,0
32,Dennis_Kucinich,0
34,Dennis_Kucinich,0
36,Dennis_Kucinich,0
38,Dennis_Kucinich,0
40,Dennis_Kucinich,0
0,Denzel_Washington,0
2,Denzel_Washington,0
4,Denzel_Washington,0
6,Denzel_Washington,0
8,Denzel_Washington,0
10,Denzel_Washington,0
12,Denzel_Washington,0
14,Denzel_Washington,0
16,Denzel_Washington,0
18,Denzel_Washington,0
20,Denzel_Washington,0
22,Denzel_Washington,0
24,Denzel_Washington,0
26,Denzel_Washington,0
28,Denzel_Washington,0
30,Denzel_Washington,0
32,Denzel_Washington,0
34,Denzel_Washington,0
36,Denzel_Washington,0
38,Denzel_Washington,0
40,Denzel_Washington,0
0,Diana_Krall,0
2,Diana_Krall,0
4,Diana_Krall,0
6,Diana_Krall,0
8,Diana_Krall,0
10,Diana_Krall,0
12,Diana_Krall,0
14,Diana_Krall,0
16,Diana_Krall,0
18,Diana_Krall,0
20,Diana_Krall,0
22,Diana_Krall,0
24,Diana_Krall,0
26,Diana_Krall,0
28,Diana_Krall,0
30,Diana_Krall,0
32,Diana_Krall,0
34,Diana_Krall,0
36,Diana_Krall,0
38,Diana_Krall,0
40,Diana_Krall,0
0,Dick_Cheney,0
2,Dick_Cheney,0
4,Dick_Cheney,0
6,Dick_Cheney,0
8,Dick_Cheney,0
10,Dick_Cheney,0
12,Dick_Cheney,0
14,Dick_Cheney,0
16,Dick_Cheney,0
18,Dick_Cheney,0
20,Dick_Cheney,0
22,Dick_Cheney,0
24,Dick_Cheney,0
26,Dick_Cheney,0
28,Dick_Cheney,0
30,Dick_Cheney,0
32,Dick_Cheney,0
34,Dick_Cheney,0
36,Dick_Cheney,0
38,Dick_Cheney,0
40,Dick_Cheney,0
0,Dominique_de_Villepin,0
2,Dominique_de_Villepin,0
4,Dominique_de_Villepin,0
6,Dominique_de_Villepin,0
8,Dominique_de_Villepin,0
10,Dominique_de_Villepin,0
12,Dominique_de_Villepin,0
14,Dominique_de_Villepin,0
16,Dominique_de_Villepin,0
18,Dominique_de_Villepin,0
20,Dominique_de_Villepin,0
22,Dominique_de_Villepin,0
24,Dominique_de_Villepin,0
26,Dominique_de_Villepin,0
28,Dominique_de_Villepin,0
30,Dominique_de_Villepin,0
32,Dominique_de_Villepin,0
34,Dominique_de_Villepin,0
36,Dominique_de_Villepin,0
38,Dominique_de_Villepin,0
40,Dominique_de_Villepin,0
0,Donald_Rumsfeld,1
2,Donald_Rumsfeld,0
4,Donald_Rumsfeld,0
6,Donald_Rumsfeld,0
8,Donald_Rumsfeld,0
10,Donald_Rumsfeld,0
12,Donald_Rumsfeld,0
14,Donald_Rumsfeld,0
16,Donald_Rumsfeld,0
18,Donald_Rumsfeld,0
20,Donald_Rumsfeld,0
22,Donald_Rumsfeld,0
24,Donald_Rumsfeld,0
26,Donald_Rumsfeld,0
28,Donald_Rumsfeld,0
30,Donald_Rumsfeld,0
32,Donald_Rumsfeld,0
34,Donald_Rumsfeld,0
36,Donald_Rumsfeld,0
38,Donald_Rumsfeld,0
40,Donald_Rumsfeld,0
0,Edmund_Stoiber,1
2,Edmund_Stoiber,1
4,Edmund_Stoiber,1
6,Edmund_Stoiber,0
8,Edmund_Stoiber,0
10,Edmund_Stoiber,0
12,Edmund_Stoiber,0
14,Edmund_Stoiber,0
16,Edmund_Stoiber,0
18,Edmund_Stoiber,0
20,Edmund_Stoiber,0
22,Edmund_Stoiber,0
24,Edmund_Stoiber,0
26,Edmund_Stoiber,0
28,Edmund_Stoiber,0
30,Edmund_Stoiber,0
32,Edmund_Stoiber,0
34,Edmund_Stoiber,0
36,Edmund_Stoiber,0
38,Edmund_Stoiber,0
40,Edmund_Stoiber,0
0,Eduard_Shevardnadze,0
2,Eduard_Shevardnadze,0
4,Eduard_Shevardnadze,0
6,Eduard_Shevardnadze,0
8,Eduard_Shevardnadze,0
10,Eduard_Shevardnadze,0
12,Eduard_Shevardnadze,0
14,Eduard_Shevardnadze,0
16,Eduard_Shevardnadze,0
18,Eduard_Shevardnadze,0
20,Eduard_Shevardnadze,0
22,Eduard_Shevardnadze,0
24,Eduard_Shevardnadze,0
26,Eduard_Shevardnadze,0
28,Eduard_Shevardnadze,0
30,Eduard_Shevardnadze,0
32,Eduard_Shevardnadze,0
34,Eduard_Shevardnadze,0
36,Eduard_Shevardnadze,0
38,Eduard_Shevardnadze,0
40,Eduard_Shevardnadze,0
0,Eduardo_Duhalde,0
2,Eduardo_Duhalde,0
4,Eduardo_Duhalde,0
6,Eduardo_Duhalde,0
8,Eduardo_Duhalde,0
10,Eduardo_Duhalde,0
12,Eduardo_Duhalde,0
14,Eduardo_Duhalde,0
16,Eduardo_Duhalde,0
18,Eduardo_Duhalde,0
20,Eduardo_Duhalde,0
22,Eduardo_Duhalde,0
24,Eduardo_Duhalde,0
26,Eduardo_Duhalde,0
28,Eduardo_Duhalde,0
30,Eduardo_Duhalde,0
32,Eduardo_Duhalde,0
34,Eduardo_Duhalde,0
36,Eduardo_Duhalde,0
38,Eduardo_Duhalde,0
40,Eduardo_Duhalde,0
0,Edward_Lu,1
2,Edward_Lu,0
4,Edward_Lu,0
6,Edward_Lu,0
8,Edward_Lu,0
10,Edward_Lu,0
12,Edward_Lu,0
14,Edward_Lu,0
16,Edward_Lu,0
18,Edward_Lu,0
20,Edward_Lu,0
22,Edward_Lu,0
24,Edward_Lu,0
26,Edward_Lu,0
28,Edward_Lu,0
30,Edward_Lu,0
32,Edward_Lu,0
34,Edward_Lu,0
36,Edward_Lu,0
38,Edward_Lu,0
40,Edward_Lu,0
0,Elizabeth_Hurley,0
2,Elizabeth_Hurley,0
4,Elizabeth_Hurley,0
6,Elizabeth_Hurley,0
8,Elizabeth_Hurley,0
10,Elizabeth_Hurley,0
12,Elizabeth_Hurley,0
14,Elizabeth_Hurley,0
16,Elizabeth_Hurley,0
18,Elizabeth_Hurley,0
20,Elizabeth_Hurley,0
22,Elizabeth_Hurley,0
24,Elizabeth_Hurley,0
26,Elizabeth_Hurley,0
28,Elizabeth_Hurley,0
30,Elizabeth_Hurley,0
32,Elizabeth_Hurley,0
34,Elizabeth_Hurley,0
36,Elizabeth_Hurley,0
38,Elizabeth_Hurley,0
40,Elizabeth_Hurley,0
0,Elizabeth_Smart,1
2,Elizabeth_Smart,1
4,Elizabeth_Smart,0
6,Elizabeth_Smart,0
8,Elizabeth_Smart,0
10,Elizabeth_Smart,0
12,Elizabeth_Smart,0
14,Elizabeth_Smart,0
16,Elizabeth_Smart,0
18,Elizabeth_Smart,0
20,Elizabeth_Smart,0
22,Elizabeth_Smart,0
24,Elizabeth_Smart,0
26,Elizabeth_Smart,0
28,Elizabeth_Smart,0
30,Elizabeth_Smart,0
32,Elizabeth_Smart,0
34,Elizabeth_Smart,0
36,Elizabeth_Smart,0
38,Elizabeth_Smart,0
40,Elizabeth_Smart,0
0,Elsa_Zylberstein,0
2,Elsa_Zylberstein,0
4,Elsa_Zylberstein,0
6,Elsa_Zylberstein,0
8,Elsa_Zylberstein,0
10,Elsa_Zylberstein,0
12,Elsa_Zylberstein,0
14,Elsa_Zylberstein,0
16,Elsa_Zylberstein,0
18,Elsa_Zylberstein,0
20,Elsa_Zylberstein,0
22,Elsa_Zylberstein,0
24,Elsa_Zylberstein,0
26,Elsa_Zylberstein,0
28,Elsa_Zylberstein,0
30,Elsa_Zylberstein,0
32,Elsa_Zylberstein,0
34,Elsa_Zylberstein,0
36,Elsa_Zylberstein,0
38,Elsa_Zylberstein,0
40,Elsa_Zylberstein,0
0,Elton_John,0
2,Elton_John,0
4,Elton_John,0
6,Elton_John,0
8,Elton_John,0
10,Elton_John,0
12,Elton_John,0
14,Elton_John,0
16,Elton_John,0
18,Elton_John,0
20,Elton_John,0
22,Elton_John,0
24,Elton_John,0
26,Elton_John,0
28,Elton_John,0
30,Elton_John,0
32,Elton_John,0
34,Elton_John,0
36,Elton_John,0
38,Elton_John,0
40,Elton_John,0
0,Emanuel_Ginobili,1
2,Emanuel_Ginobili,1
4,Emanuel_Ginobili,1
6,Emanuel_Ginobili,1
8,Emanuel_Ginobili,1
10,Emanuel_Ginobili,1
12,Emanuel_Ginobili,1
14,Emanuel_Ginobili,1
16,Emanuel_Ginobili,0
18,Emanuel_Ginobili,0
20,Emanuel_Ginobili,0
22,Emanuel_Ginobili,0
24,Emanuel_Ginobili,0
26,Emanuel_Ginobili,0
28,Emanuel_Ginobili,0
30,Emanuel_Ginobili,0
32,Emanuel_Ginobili,0
34,Emanuel_Ginobili,0
36,Emanuel_Ginobili,0
38,Emanuel_Ginobili,0
40,Emanuel_Ginobili,0
0,Emma_Watson,0
2,Emma_Watson,0
4,Emma_Watson,0
6,Emma_Watson,0
8,Emma_Watson,0
10,Emma_Watson,0
12,Emma_Watson,0
14,Emma_Watson,0
16,Emma_Watson,0
18,Emma_Watson,0
20,Emma_Watson,0
22,Emma_Watson,0
24,Emma_Watson,0
26,Emma_Watson,0
28,Emma_Watson,0
30,Emma_Watson,0
32,Emma_Watson,0
34,Emma_Watson,0
36,Emma_Watson,0
38,Emma_Watson,0
40,Emma_Watson,0
0,Enrique_Bolanos,0
2,Enrique_Bolanos,0
4,Enrique_Bolanos,0
6,Enrique_Bolanos,0
8,Enrique_Bolanos,0
10,Enrique_Bolanos,0
12,Enrique_Bolanos,0
14,Enrique_Bolanos,0
16,Enrique_Bolanos,0
18,Enrique_Bolanos,0
20,Enrique_Bolanos,0
22,Enrique_Bolanos,0
24,Enrique_Bolanos,0
26,Enrique_Bolanos,0
28,Enrique_Bolanos,0
30,Enrique_Bolanos,0
32,Enrique_Bolanos,0
34,Enrique_Bolanos,0
36,Enrique_Bolanos,0
38,Enrique_Bolanos,0
40,Enrique_Bolanos,0
0,Erika_Harold,1
2,Erika_Harold,1
4,Erika_Harold,1
6,Erika_Harold,0
8,Erika_Harold,0
10,Erika_Harold,0
12,Erika_Harold,0
14,Erika_Harold,0
16,Erika_Harold,0
18,Erika_Harold,0
20,Erika_Harold,0
22,Erika_Harold,0
24,Erika_Harold,0
26,Erika_Harold,0
28,Erika_Harold,0
30,Erika_Harold,0
32,Erika_Harold,0
34,Erika_Harold,0
36,Erika_Harold,0
38,Erika_Harold,0
40,Erika_Harold,0
0,Fernando_Gonzalez,0
2,Fernando_Gonzalez,0
4,Fernando_Gonzalez,0
6,Fernando_Gonzalez,0
8,Fernando_Gonzalez,0
10,Fernando_Gonzalez,0
12,Fernando_Gonzalez,0
14,Fernando_Gonzalez,0
16,Fernando_Gonzalez,0
18,Fernando_Gonzalez,0
20,Fernando_Gonzalez,0
22,Fernando_Gonzalez,0
24,Fernando_Gonzalez,0
26,Fernando_Gonzalez,0
28,Fernando_Gonzalez,0
30,Fernando_Gonzalez,0
32,Fernando_Gonzalez,0
34,Fernando_Gonzalez,0
36,Fernando_Gonzalez,0
38,Fernando_Gonzalez,0
40,Fernando_Gonzalez,0
0,Fernando_Henrique_Cardoso,0
2,Fernando_Henrique_Cardoso,0
4,Fernando_Henrique_Cardoso,0
6,Fernando_Henrique_Cardoso,0
8,Fernando_Henrique_Cardoso,0
10,Fernando_Henrique_Cardoso,0
12,Fernando_Henrique_Cardoso,0
14,Fernando_Henrique_Cardoso,0
16,Fernando_Henrique_Cardoso,0
18,Fernando_Henrique_Cardoso,0
20,Fernando_Henrique_Cardoso,0
22,Fernando_Henrique_Cardoso,0
24,Fernando_Henrique_Cardoso,0
26,Fernando_Henrique_Cardoso,0
28,Fernando_Henrique_Cardoso,0
30,Fernando_Henrique_Cardoso,0
32,Fernando_Henrique_Cardoso,0
34,Fernando_Henrique_Cardoso,0
36,Fernando_Henrique_Cardoso,0
38,Fernando_Henrique_Cardoso,0
40,Fernando_Henrique_Cardoso,0
0,Fidel_Castro,0
2,Fidel_Castro,0
4,Fidel_Castro,0
6,Fidel_Castro,0
8,Fidel_Castro,0
10,Fidel_Castro,0
12,Fidel_Castro,0
14,Fidel_Castro,0
16,Fidel_Castro,0
18,Fidel_Castro,0
20,Fidel_Castro,0
22,Fidel_Castro,0
24,Fidel_Castro,0
26,Fidel_Castro,0
28,Fidel_Castro,0
30,Fidel_Castro,0
32,Fidel_Castro,0
34,Fidel_Castro,0
36,Fidel_Castro,0
38,Fidel_Castro,0
40,Fidel_Castro,0
0,Frank_Solich,1
2,Frank_Solich,0
4,Frank_Solich,0
6,Frank_Solich,0
8,Frank_Solich,0
10,Frank_Solich,0
12,Frank_Solich,0
14,Frank_Solich,0
16,Frank_Solich,0
18,Frank_Solich,0
20,Frank_Solich,0
22,Frank_Solich,0
24,Frank_Solich,0
26,Frank_Solich,0
28,Frank_Solich,0
30,Frank_Solich,0
32,Frank_Solich,0
34,Frank_Solich,0
36,Frank_Solich,0
38,Frank_Solich,0
40,Frank_Solich,0
0,Fujio_Cho,0
2,Fujio_Cho,0
4,Fujio_Cho,0
6,Fujio_Cho,0
8,Fujio_Cho,0
10,Fujio_Cho,0
12,Fujio_Cho,0
14,Fujio_Cho,0
16,Fujio_Cho,0
18,Fujio_Cho,0
20,Fujio_Cho,0
22,Fujio_Cho,0
24,Fujio_Cho,0
26,Fujio_Cho,0
28,Fujio_Cho,0
30,Fujio_Cho,0
32,Fujio_Cho,0
34,Fujio_Cho,0
36,Fujio_Cho,0
38,Fujio_Cho,0
40,Fujio_Cho,0
0,Gene_Robinson,1
2,Gene_Robinson,1
4,Gene_Robinson,1
6,Gene_Robinson,0
8,Gene_Robinson,0
10,Gene_Robinson,0
12,Gene_Robinson,0
14,Gene_Robinson,0
16,Gene_Robinson,0
18,Gene_Robinson,0
20,Gene_Robinson,0
22,Gene_Robinson,0
24,Gene_Robinson,0
26,Gene_Robinson,0
28,Gene_Robinson,0
30,Gene_Robinson,0
32,Gene_Robinson,0
34,Gene_Robinson,0
36,Gene_Robinson,0
38,Gene_Robinson,0
40,Gene_Robinson,0
0,Geoff_Hoon,0
2,Geoff_Hoon,0
4,Geoff_Hoon,0
6,Geoff_Hoon,0
8,Geoff_Hoon,0
10,Geoff_Hoon,0
12,Geoff_Hoon,0
14,Geoff_Hoon,0
16,Geoff_Hoon,0
18,Geoff_Hoon,0
20,Geoff_Hoon,0
22,Geoff_Hoon,0
24,Geoff_Hoon,0
26,Geoff_Hoon,0
28,Geoff_Hoon,0
30,Geoff_Hoon,0
32,Geoff_Hoon,0
34,Geoff_Hoon,0
36,Geoff_Hoon,0
38,Geoff_Hoon,0
40,Geoff_Hoon,0
0,George_Clooney,0
2,George_Clooney,0
4,George_Clooney,0
6,George_Clooney,0
8,George_Clooney,0
10,George_Clooney,0
12,George_Clooney,0
14,George_Clooney,0
16,George_Clooney,0
18,George_Clooney,0
20,George_Clooney,0
22,George_Clooney,0
24,George_Clooney,0
26,George_Clooney,0
28,George_Clooney,0
30,George_Clooney,0
32,George_Clooney,0
34,George_Clooney,0
36,George_Clooney,0
38,George_Clooney,0
40,George_Clooney,0
0,George_HW_Bush,0
2,George_HW_Bush,0
4,George_HW_Bush,0
6,George_HW_Bush,0
8,George_HW_Bush,0
10,George_HW_Bush,0
12,George_HW_Bush,0
14,George_HW_Bush,0
16,George_HW_Bush,0
18,George_HW_Bush,0
20,George_HW_Bush,0
22,George_HW_Bush,0
24,George_HW_Bush,0
26,George_HW_Bush,0
28,George_HW_Bush,0
30,George_HW_Bush,0
32,George_HW_Bush,0
34,George_HW_Bush,0
36,George_HW_Bush,0
38,George_HW_Bush,0
40,George_HW_Bush,0
0,George_Lopez,0
2,George_Lopez,0
4,George_Lopez,0
6,George_Lopez,0
8,George_Lopez,0
10,George_Lopez,0
12,George_Lopez,0
14,George_Lopez,0
16,George_Lopez,0
18,George_Lopez,0
20,George_Lopez,0
22,George_Lopez,0
24,George_Lopez,0
26,George_Lopez,0
28,George_Lopez,0
30,George_Lopez,0
32,George_Lopez,0
34,George_Lopez,0
36,George_Lopez,0
38,George_Lopez,0
40,George_Lopez,0
0,George_Pataki,0
2,George_Pataki,0
4,George_Pataki,0
6,George_Pataki,0
8,George_Pataki,0
10,George_Pataki,0
12,George_Pataki,0
14,George_Pataki,0
16,George_Pataki,0
18,George_Pataki,0
20,George_Pataki,0
22,George_Pataki,0
24,George_Pataki,0
26,George_Pataki,0
28,George_Pataki,0
30,George_Pataki,0
32,George_Pataki,0
34,George_Pataki,0
36,George_Pataki,0
38,George_Pataki,0
40,George_Pataki,0
0,George_Robertson,0
2,George_Robertson,0
4,George_Robertson,0
6,George_Robertson,0
8,George_Robertson,0
10,George_Robertson,0
12,George_Robertson,0
14,George_Robertson,0
16,George_Robertson,0
18,George_Robertson,0
20,George_Robertson,0
22,George_Robertson,0
24,George_Robertson,0
26,George_Robertson,0
28,George_Robertson,0
30,George_Robertson,0
32,George_Robertson,0
34,George_Robertson,0
36,George_Robertson,0
38,George_Robertson,0
40,George_Robertson,0
0,George_W_Bush,1
2,George_W_Bush,1
4,George_W_Bush,1
6,George_W_Bush,1
8,George_W_Bush,1
10,George_W_Bush,1
12,George_W_Bush,1
14,George_W_Bush,1
16,George_W_Bush,1
18,George_W_Bush,0
20,George_W_Bush,0
22,George_W_Bush,0
24,George_W_Bush,0
26,George_W_Bush,0
28,George_W_Bush,0
30,George_W_Bush,0
32,George_W_Bush,0
34,George_W_Bush,0
36,George_W_Bush,0
38,George_W_Bush,0
40,George_W_Bush,0
0,Gerhard_Schroeder,1
2,Gerhard_Schroeder,1
4,Gerhard_Schroeder,1
6,Gerhard_Schroeder,1
8,Gerhard_Schroeder,1
10,Gerhard_Schroeder,1
12,Gerhard_Schroeder,1
14,Gerhard_Schroeder,1
16,Gerhard_Schroeder,1
18,Gerhard_Schroeder,1
20,Gerhard_Schroeder,1
22,Gerhard_Schroeder,0
24,Gerhard_Schroeder,0
26,Gerhard_Schroeder,0
28,Gerhard_Schroeder,0
30,Gerhard_Schroeder,0
32,Gerhard_Schroeder,0
34,Gerhard_Schroeder,0
36,Gerhard_Schroeder,0
38,Gerhard_Schroeder,0
40,Gerhard_Schroeder,0
0,Gerry_Adams,1
2,Gerry_Adams,1
4,Gerry_Adams,1
6,Gerry_Adams,0
8,Gerry_Adams,0
10,Gerry_Adams,0
12,Gerry_Adams,0
14,Gerry_Adams,0
16,Gerry_Adams,0
18,Gerry_Adams,0
20,Gerry_Adams,0
22,Gerry_Adams,0
24,Gerry_Adams,0
26,Gerry_Adams,0
28,Gerry_Adams,0
30,Gerry_Adams,0
32,Gerry_Adams,0
34,Gerry_Adams,0
36,Gerry_Adams,0
38,Gerry_Adams,0
40,Gerry_Adams,0
0,Gil_de_Ferran,0
2,Gil_de_Ferran,0
4,Gil_de_Ferran,0
6,Gil_de_Ferran,0
8,Gil_de_Ferran,0
10,Gil_de_Ferran,0
12,Gil_de_Ferran,0
14,Gil_de_Ferran,0
16,Gil_de_Ferran,0
18,Gil_de_Ferran,0
20,Gil_de_Ferran,0
22,Gil_de_Ferran,0
24,Gil_de_Ferran,0
26,Gil_de_Ferran,0
28,Gil_de_Ferran,0
30,Gil_de_Ferran,0
32,Gil_de_Ferran,0
34,Gil_de_Ferran,0
36,Gil_de_Ferran,0
38,Gil_de_Ferran,0
40,Gil_de_Ferran,0
0,Gloria_Macapagal_Arroyo,1
2,Gloria_Macapagal_Arroyo,0
4,Gloria_Macapagal_Arroyo,0
6,Gloria_Macapagal_Arroyo,0
8,Gloria_Macapagal_Arroyo,0
10,Gloria_Macapagal_Arroyo,0
12,Gloria_Macapagal_Arroyo,0
14,Gloria_Macapagal_Arroyo,0
16,Gloria_Macapagal_Arroyo,0
18,Gloria_Macapagal_Arroyo,0
20,Gloria_Macapagal_Arroyo,0
22,Gloria_Macapagal_Arroyo,0
24,Gloria_Macapagal_Arroyo,0
26,Gloria_Macapagal_Arroyo,0
28,Gloria_Macapagal_Arroyo,0
30,Gloria_Macapagal_Arroyo,0
32,Gloria_Macapagal_Arroyo,0
34,Gloria_Macapagal_Arroyo,0
36,Gloria_Macapagal_Arroyo,0
38,Gloria_Macapagal_Arroyo,0
40,Gloria_Macapagal_Arroyo,0
0,Goldie_Hawn,0
2,Goldie_Hawn,0
4,Goldie_Hawn,0
6,Goldie_Hawn,0
8,Goldie_Hawn,0
10,Goldie_Hawn,0
12,Goldie_Hawn,0
14,Goldie_Hawn,0
16,Goldie_Hawn,0
18,Goldie_Hawn,0
20,Goldie_Hawn,0
22,Goldie_Hawn,0
24,Goldie_Hawn,0
26,Goldie_Hawn,0
28,Goldie_Hawn,0
30,Goldie_Hawn,0
32,Goldie_Hawn,0
34,Goldie_Hawn,0
36,Goldie_Hawn,0
38,Goldie_Hawn,0
40,Goldie_Hawn,0
0,Gonzalo_Sanchez_de_Lozada,0
2,Gonzalo_Sanchez_de_Lozada,0
4,Gonzalo_Sanchez_de_Lozada,0
6,Gonzalo_Sanchez_de_Lozada,0
8,Gonzalo_Sanchez_de_Lozada,0
10,Gonzalo_Sanchez_de_Lozada,0
12,Gonzalo_Sanchez_de_Lozada,0
14,Gonzalo_Sanchez_de_Lozada,0
16,Gonzalo_Sanchez_de_Lozada,0
18,Gonzalo_Sanchez_de_Lozada,0
20,Gonzalo_Sanchez_de_Lozada,0
22,Gonzalo_Sanchez_de_Lozada,0
24,Gonzalo_Sanchez_de_Lozada,0
26,Gonzalo_Sanchez_de_Lozada,0
28,Gonzalo_Sanchez_de_Lozada,0
30,Gonzalo_Sanchez_de_Lozada,0
32,Gonzalo_Sanchez_de_Lozada,0
34,Gonzalo_Sanchez_de_Lozada,0
36,Gonzalo_Sanchez_de_Lozada,0
38,Gonzalo_Sanchez_de_Lozada,0
40,Gonzalo_Sanchez_de_Lozada,0
0,Gordon_Brown,0
2,Gordon_Brown,0
4,Gordon_Brown,0
6,Gordon_Brown,0
8,Gordon_Brown,0
10,Gordon_Brown,0
12,Gordon_Brown,0
14,Gordon_Brown,0
16,Gordon_Brown,0
18,Gordon_Brown,0
20,Gordon_Brown,0
22,Gordon_Brown,0
24,Gordon_Brown,0
26,Gordon_Brown,0
28,Gordon_Brown,0
30,Gordon_Brown,0
32,Gordon_Brown,0
34,Gordon_Brown,0
36,Gordon_Brown,0
38,Gordon_Brown,0
40,Gordon_Brown,0
0,Grant_Hackett,1
2,Grant_Hackett,1
4,Grant_Hackett,0
6,Grant_Hackett,0
8,Grant_Hackett,0
10,Grant_Hackett,0
12,Grant_Hackett,0
14,Grant_Hackett,0
16,Grant_Hackett,0
18,Grant_Hackett,0
20,Grant_Hackett,0
22,Grant_Hackett,0
24,Grant_Hackett,0
26,Grant_Hackett,0
28,Grant_Hackett,0
30,Grant_Hackett,0
32,Grant_Hackett,0
34,Grant_Hackett,0
36,Grant_Hackett,0
38,Grant_Hackett,0
40,Grant_Hackett,0
0,Gray_Davis,0
2,Gray_Davis,0
4,Gray_Davis,0
6,Gray_Davis,0
8,Gray_Davis,0
10,Gray_Davis,0
12,Gray_Davis,0
14,Gray_Davis,0
16,Gray_Davis,0
18,Gray_Davis,0
20,Gray_Davis,0
22,Gray_Davis,0
24,Gray_Davis,0
26,Gray_Davis,0
28,Gray_Davis,0
30,Gray_Davis,0
32,Gray_Davis,0
34,Gray_Davis,0
36,Gray_Davis,0
38,Gray_Davis,0
40,Gray_Davis,0
0,Gregg_Popovich,1
2,Gregg_Popovich,1
4,Gregg_Popovich,1
6,Gregg_Popovich,1
8,Gregg_Popovich,1
10,Gregg_Popovich,1
12,Gregg_Popovich,1
14,Gregg_Popovich,0
16,Gregg_Popovich,0
18,Gregg_Popovich,0
20,Gregg_Popovich,0
22,Gregg_Popovich,0
24,Gregg_Popovich,0
26,Gregg_Popovich,0
28,Gregg_Popovich,0
30,Gregg_Popovich,0
32,Gregg_Popovich,0
34,Gregg_Popovich,0
36,Gregg_Popovich,0
38,Gregg_Popovich,0
40,Gregg_Popovich,0
0,Guillermo_Coria,0
2,Guillermo_Coria,0
4,Guillermo_Coria,0
6,Guillermo_Coria,0
8,Guillermo_Coria,0
10,Guillermo_Coria,0
12,Guillermo_Coria,0
14,Guillermo_Coria,0
16,Guillermo_Coria,0
18,Guillermo_Coria,0
20,Guillermo_Coria,0
22,Guillermo_Coria,0
24,Guillermo_Coria,0
26,Guillermo_Coria,0
28,Guillermo_Coria,0
30,Guillermo_Coria,0
32,Guillermo_Coria,0
34,Guillermo_Coria,0
36,Guillermo_Coria,0
38,Guillermo_Coria,0
40,Guillermo_Coria,0
0,Gunter_Pleuger,1
2,Gunter_Pleuger,1
4,Gunter_Pleuger,1
6,Gunter_Pleuger,1
8,Gunter_Pleuger,1
10,Gunter_Pleuger,1
12,Gunter_Pleuger,1
14,Gunter_Pleuger,0
16,Gunter_Pleuger,0
18,Gunter_Pleuger,0
20,Gunter_Pleuger,0
22,Gunter_Pleuger,0
24,Gunter_Pleuger,0
26,Gunter_Pleuger,0
28,Gunter_Pleuger,0
30,Gunter_Pleuger,0
32,Gunter_Pleuger,0
34,Gunter_Pleuger,0
36,Gunter_Pleuger,0
38,Gunter_Pleuger,0
40,Gunter_Pleuger,0
0,Gwyneth_Paltrow,0
2,Gwyneth_Paltrow,0
4,Gwyneth_Paltrow,0
6,Gwyneth_Paltrow,0
8,Gwyneth_Paltrow,0
10,Gwyneth_Paltrow,0
12,Gwyneth_Paltrow,0
14,Gwyneth_Paltrow,0
16,Gwyneth_Paltrow,0
18,Gwyneth_Paltrow,0
20,Gwyneth_Paltrow,0
22,Gwyneth_Paltrow,0
24,Gwyneth_Paltrow,0
26,Gwyneth_Paltrow,0
28,Gwyneth_Paltrow,0
30,Gwyneth_Paltrow,0
32,Gwyneth_Paltrow,0
34,Gwyneth_Paltrow,0
36,Gwyneth_Paltrow,0
38,Gwyneth_Paltrow,0
40,Gwyneth_Paltrow,0
0,Habib_Rizieq,0
2,Habib_Rizieq,0
4,Habib_Rizieq,0
6,Habib_Rizieq,0
8,Habib_Rizieq,0
10,Habib_Rizieq,0
12,Habib_Rizieq,0
14,Habib_Rizieq,0
16,Habib_Rizieq,0
18,Habib_Rizieq,0
20,Habib_Rizieq,0
22,Habib_Rizieq,0
24,Habib_Rizieq,0
26,Habib_Rizieq,0
28,Habib_Rizieq,0
30,Habib_Rizieq,0
32,Habib_Rizieq,0
34,Habib_Rizieq,0
36,Habib_Rizieq,0
38,Habib_Rizieq,0
40,Habib_Rizieq,0
0,Hal_Gehman,1
2,Hal_Gehman,1
4,Hal_Gehman,1
6,Hal_Gehman,0
8,Hal_Gehman,0
10,Hal_Gehman,0
12,Hal_Gehman,0
14,Hal_Gehman,0
16,Hal_Gehman,0
18,Hal_Gehman,0
20,Hal_Gehman,0
22,Hal_Gehman,0
24,Hal_Gehman,0
26,Hal_Gehman,0
28,Hal_Gehman,0
30,Hal_Gehman,0
32,Hal_Gehman,0
34,Hal_Gehman,0
36,Hal_Gehman,0
38,Hal_Gehman,0
40,Hal_Gehman,0
0,Halle_Berry,0
2,Halle_Berry,0
4,Halle_Berry,0
6,Halle_Berry,0
8,Halle_Berry,0
10,Halle_Berry,0
12,Halle_Berry,0
14,Halle_Berry,0
16,Halle_Berry,0
18,Halle_Berry,0
20,Halle_Berry,0
22,Halle_Berry,0
24,Halle_Berry,0
26,Halle_Berry,0
28,Halle_Berry,0
30,Halle_Berry,0
32,Halle_Berry,0
34,Halle_Berry,0
36,Halle_Berry,0
38,Halle_Berry,0
40,Halle_Berry,0
0,Hamid_Karzai,1
2,Hamid_Karzai,1
4,Hamid_Karzai,1
6,Hamid_Karzai,0
8,Hamid_Karzai,0
10,Hamid_Karzai,0
12,Hamid_Karzai,0
14,Hamid_Karzai,0
16,Hamid_Karzai,0
18,Hamid_Karzai,0
20,Hamid_Karzai,0
22,Hamid_Karzai,0
24,Hamid_Karzai,0
26,Hamid_Karzai,0
28,Hamid_Karzai,0
30,Hamid_Karzai,0
32,Hamid_Karzai,0
34,Hamid_Karzai,0
36,Hamid_Karzai,0
38,Hamid_Karzai,0
40,Hamid_Karzai,0
0,Hans_Blix,0
2,Hans_Blix,0
4,Hans_Blix,0
6,Hans_Blix,0
8,Hans_Blix,0
10,Hans_Blix,0
12,Hans_Blix,0
14,Hans_Blix,0
16,Hans_Blix,0
18,Hans_Blix,0
20,Hans_Blix,0
22,Hans_Blix,0
24,Hans_Blix,0
26,Hans_Blix,0
28,Hans_Blix,0
30,Hans_Blix,0
32,Hans_Blix,0
34,Hans_Blix,0
36,Hans_Blix,0
38,Hans_Blix,0
40,Hans_Blix,0
0,Harrison_Ford,0
2,Harrison_Ford,0
4,Harrison_Ford,0
6,Harrison_Ford,0
8,Harrison_Ford,0
10,Harrison_Ford,0
12,Harrison_Ford,0
14,Harrison_Ford,0
16,Harrison_Ford,0
18,Harrison_Ford,0
20,Harrison_Ford,0
22,Harrison_Ford,0
24,Harrison_Ford,0
26,Harrison_Ford,0
28,Harrison_Ford,0
30,Harrison_Ford,0
32,Harrison_Ford,0
34,Harrison_Ford,0
36,Harrison_Ford,0
38,Harrison_Ford,0
40,Harrison_Ford,0
0,Heidi_Klum,0
2,Heidi_Klum,0
4,Heidi_Klum,0
6,Heidi_Klum,0
8,Heidi_Klum,0
10,Heidi_Klum,0
12,Heidi_Klum,0
14,Heidi_Klum,0
16,Heidi_Klum,0
18,Heidi_Klum,0
20,Heidi_Klum,0
22,Heidi_Klum,0
24,Heidi_Klum,0
26,Heidi_Klum,0
28,Heidi_Klum,0
30,Heidi_Klum,0
32,Heidi_Klum,0
34,Heidi_Klum,0
36,Heidi_Klum,0
38,Heidi_Klum,0
40,Heidi_Klum,0
0,Heizo_Takenaka,0
2,Heizo_Takenaka,0
4,Heizo_Takenaka,0
6,Heizo_Takenaka,0
8,Heizo_Takenaka,0
10,Heizo_Takenaka,0
12,Heizo_Takenaka,0
14,Heizo_Takenaka,0
16,Heizo_Takenaka,0
18,Heizo_Takenaka,0
20,Heizo_Takenaka,0
22,Heizo_Takenaka,0
24,Heizo_Takenaka,0
26,Heizo_Takenaka,0
28,Heizo_Takenaka,0
30,Heizo_Takenaka,0
32,Heizo_Takenaka,0
34,Heizo_Takenaka,0
36,Heizo_Takenaka,0
38,Heizo_Takenaka,0
40,Heizo_Takenaka,0
0,Hillary_Clinton,1
2,Hillary_Clinton,1
4,Hillary_Clinton,1
6,Hillary_Clinton,1
8,Hillary_Clinton,1
10,Hillary_Clinton,1
12,Hillary_Clinton,1
14,Hillary_Clinton,1
16,Hillary_Clinton,1
18,Hillary_Clinton,0
20,Hillary_Clinton,0
22,Hillary_Clinton,0
24,Hillary_Clinton,0
26,Hillary_Clinton,0
28,Hillary_Clinton,0
30,Hillary_Clinton,0
32,Hillary_Clinton,0
34,Hillary_Clinton,0
36,Hillary_Clinton,0
38,Hillary_Clinton,0
40,Hillary_Clinton,0
0,Hitomi_Soga,0
2,Hitomi_Soga,0
4,Hitomi_Soga,0
6,Hitomi_Soga,0
8,Hitomi_Soga,0
10,Hitomi_Soga,0
12,Hitomi_Soga,0
14,Hitomi_Soga,0
16,Hitomi_Soga,0
18,Hitomi_Soga,0
20,Hitomi_Soga,0
22,Hitomi_Soga,0
24,Hitomi_Soga,0
26,Hitomi_Soga,0
28,Hitomi_Soga,0
30,Hitomi_Soga,0
32,Hitomi_Soga,0
34,Hitomi_Soga,0
36,Hitomi_Soga,0
38,Hitomi_Soga,0
40,Hitomi_Soga,0
0,Holly_Hunter,0
2,Holly_Hunter,0
4,Holly_Hunter,0
6,Holly_Hunter,0
8,Holly_Hunter,0
10,Holly_Hunter,0
12,Holly_Hunter,0
14,Holly_Hunter,0
16,Holly_Hunter,0
18,Holly_Hunter,0
20,Holly_Hunter,0
22,Holly_Hunter,0
24,Holly_Hunter,0
26,Holly_Hunter,0
28,Holly_Hunter,0
30,Holly_Hunter,0
32,Holly_Hunter,0
34,Holly_Hunter,0
36,Holly_Hunter,0
38,Holly_Hunter,0
40,Holly_Hunter,0
0,Hosni_Mubarak,1
2,Hosni_Mubarak,1
4,Hosni_Mubarak,1
6,Hosni_Mubarak,1
8,Hosni_Mubarak,1
10,Hosni_Mubarak,1
12,Hosni_Mubarak,1
14,Hosni_Mubarak,1
16,Hosni_Mubarak,1
18,Hosni_Mubarak,0
20,Hosni_Mubarak,0
22,Hosni_Mubarak,0
24,Hosni_Mubarak,0
26,Hosni_Mubarak,0
28,Hosni_Mubarak,0
30,Hosni_Mubarak,0
32,Hosni_Mubarak,0
34,Hosni_Mubarak,0
36,Hosni_Mubarak,0
38,Hosni_Mubarak,0
40,Hosni_Mubarak,0
0,Howard_Dean,1
2,Howard_Dean,1
4,Howard_Dean,0
6,Howard_Dean,0
8,Howard_Dean,0
10,Howard_Dean,0
12,Howard_Dean,0
14,Howard_Dean,0
16,Howard_Dean,0
18,Howard_Dean,0
20,Howard_Dean,0
22,Howard_Dean,0
24,Howard_Dean,0
26,Howard_Dean,0
28,Howard_Dean,0
30,Howard_Dean,0
32,Howard_Dean,0
34,Howard_Dean,0
36,Howard_Dean,0
38,Howard_Dean,0
40,Howard_Dean,0
0,Hu_Jintao,0
2,Hu_Jintao,0
4,Hu_Jintao,0
6,Hu_Jintao,0
8,Hu_Jintao,0
10,Hu_Jintao,0
12,Hu_Jintao,0
14,Hu_Jintao,0
16,Hu_Jintao,0
18,Hu_Jintao,0
20,Hu_Jintao,0
22,Hu_Jintao,0
24,Hu_Jintao,0
26,Hu_Jintao,0
28,Hu_Jintao,0
30,Hu_Jintao,0
32,Hu_Jintao,0
34,Hu_Jintao,0
36,Hu_Jintao,0
38,Hu_Jintao,0
40,Hu_Jintao,0
0,Hugh_Grant,1
2,Hugh_Grant,1
4,Hugh_Grant,1
6,Hugh_Grant,1
8,Hugh_Grant,1
10,Hugh_Grant,0
12,Hugh_Grant,0
14,Hugh_Grant,0
16,Hugh_Grant,0
18,Hugh_Grant,0
20,Hugh_Grant,0
22,Hugh_Grant,0
24,Hugh_Grant,0
26,Hugh_Grant,0
28,Hugh_Grant,0
30,Hugh_Grant,0
32,Hugh_Grant,0
34,Hugh_Grant,0
36,Hugh_Grant,0
38,Hugh_Grant,0
40,Hugh_Grant,0
0,Hugo_Chavez,1
2,Hugo_Chavez,1
4,Hugo_Chavez,0
6,Hugo_Chavez,0
8,Hugo_Chavez,0
10,Hugo_Chavez,0
12,Hugo_Chavez,0
14,Hugo_Chavez,0
16,Hugo_Chavez,0
18,Hugo_Chavez,0
20,Hugo_Chavez,0
22,Hugo_Chavez,0
24,Hugo_Chavez,0
26,Hugo_Chavez,0
28,Hugo_Chavez,0
30,Hugo_Chavez,0
32,Hugo_Chavez,0
34,Hugo_Chavez,0
36,Hugo_Chavez,0
38,Hugo_Chavez,0
40,Hugo_Chavez,0
0,Ian_Thorpe,0
2,Ian_Thorpe,0
4,Ian_Thorpe,0
6,Ian_Thorpe,0
8,Ian_Thorpe,0
10,Ian_Thorpe,0
12,Ian_Thorpe,0
14,Ian_Thorpe,0
16,Ian_Thorpe,0
18,Ian_Thorpe,0
20,Ian_Thorpe,0
22,Ian_Thorpe,0
24,Ian_Thorpe,0
26,Ian_Thorpe,0
28,Ian_Thorpe,0
30,Ian_Thorpe,0
32,Ian_Thorpe,0
34,Ian_Thorpe,0
36,Ian_Thorpe,0
38,Ian_Thorpe,0
40,Ian_Thorpe,0
0,Igor_Ivanov,0
2,Igor_Ivanov,0
4,Igor_Ivanov,0
6,Igor_Ivanov,0
8,Igor_Ivanov,0
10,Igor_Ivanov,0
12,Igor_Ivanov,0
14,Igor_Ivanov,0
16,Igor_Ivanov,0
18,Igor_Ivanov,0
20,Igor_Ivanov,0
22,Igor_Ivanov,0
24,Igor_Ivanov,0
26,Igor_Ivanov,0
28,Igor_Ivanov,0
30,Igor_Ivanov,0
32,Igor_Ivanov,0
34,Igor_Ivanov,0
36,Igor_Ivanov,0
38,Igor_Ivanov,0
40,Igor_Ivanov,0
0,JK_Rowling,0
2,JK_Rowling,0
4,JK_Rowling,0
6,JK_Rowling,0
8,JK_Rowling,0
10,JK_Rowling,0
12,JK_Rowling,0
14,JK_Rowling,0
16,JK_Rowling,0
18,JK_Rowling,0
20,JK_Rowling,0
22,JK_Rowling,0
24,JK_Rowling,0
26,JK_Rowling,0
28,JK_Rowling,0
30,JK_Rowling,0
32,JK_Rowling,0
34,JK_Rowling,0
36,JK_Rowling,0
38,JK_Rowling,0
40,JK_Rowling,0
0,Jack_Straw,1
2,Jack_Straw,1
4,Jack_Straw,1
6,Jack_Straw,0
8,Jack_Straw,0
10,Jack_Straw,0
12,Jack_Straw,0
14,Jack_Straw,0
16,Jack_Straw,0
18,Jack_Straw,0
20,Jack_Straw,0
22,Jack_Straw,0
24,Jack_Straw,0
26,Jack_Straw,0
28,Jack_Straw,0
30,Jack_Straw,0
32,Jack_Straw,0
34,Jack_Straw,0
36,Jack_Straw,0
38,Jack_Straw,0
40,Jack_Straw,0
0,Jackie_Chan,0
2,Jackie_Chan,0
4,Jackie_Chan,0
6,Jackie_Chan,0
8,Jackie_Chan,0
10,Jackie_Chan,0
12,Jackie_Chan,0
14,Jackie_Chan,0
16,Jackie_Chan,0
18,Jackie_Chan,0
20,Jackie_Chan,0
22,Jackie_Chan,0
24,Jackie_Chan,0
26,Jackie_Chan,0
28,Jackie_Chan,0
30,Jackie_Chan,0
32,Jackie_Chan,0
34,Jackie_Chan,0
36,Jackie_Chan,0
38,Jackie_Chan,0
40,Jackie_Chan,0
0,Jacques_Chirac,0
2,Jacques_Chirac,0
4,Jacques_Chirac,0
6,Jacques_Chirac,0
8,Jacques_Chirac,0
10,Jacques_Chirac,0
12,Jacques_Chirac,0
14,Jacques_Chirac,0
16,Jacques_Chirac,0
18,Jacques_Chirac,0
20,Jacques_Chirac,0
22,Jacques_Chirac,0
24,Jacques_Chirac,0
26,Jacques_Chirac,0
28,Jacques_Chirac,0
30,Jacques_Chirac,0
32,Jacques_Chirac,0
34,Jacques_Chirac,0
36,Jacques_Chirac,0
38,Jacques_Chirac,0
40,Jacques_Chirac,0
0,Jacques_Rogge,0
2,Jacques_Rogge,0
4,Jacques_Rogge,0
6,Jacques_Rogge,0
8,Jacques_Rogge,0
10,Jacques_Rogge,0
12,Jacques_Rogge,0
14,Jacques_Rogge,0
16,Jacques_Rogge,0
18,Jacques_Rogge,0
20,Jacques_Rogge,0
22,Jacques_Rogge,0
24,Jacques_Rogge,0
26,Jacques_Rogge,0
28,Jacques_Rogge,0
30,Jacques_Rogge,0
32,Jacques_Rogge,0
34,Jacques_Rogge,0
36,Jacques_Rogge,0
38,Jacques_Rogge,0
40,Jacques_Rogge,0
0,Jake_Gyllenhaal,0
2,Jake_Gyllenhaal,0
4,Jake_Gyllenhaal,0
6,Jake_Gyllenhaal,0
8,Jake_Gyllenhaal,0
10,Jake_Gyllenhaal,0
12,Jake_Gyllenhaal,0
14,Jake_Gyllenhaal,0
16,Jake_Gyllenhaal,0
18,Jake_Gyllenhaal,0
20,Jake_Gyllenhaal,0
22,Jake_Gyllenhaal,0
24,Jake_Gyllenhaal,0
26,Jake_Gyllenhaal,0
28,Jake_Gyllenhaal,0
30,Jake_Gyllenhaal,0
32,Jake_Gyllenhaal,0
34,Jake_Gyllenhaal,0
36,Jake_Gyllenhaal,0
38,Jake_Gyllenhaal,0
40,Jake_Gyllenhaal,0
0,James_Blake,0
2,James_Blake,0
4,James_Blake,0
6,James_Blake,0
8,James_Blake,0
10,James_Blake,0
12,James_Blake,0
14,James_Blake,0
16,James_Blake,0
18,James_Blake,0
20,James_Blake,0
22,James_Blake,0
24,James_Blake,0
26,James_Blake,0
28,James_Blake,0
30,James_Blake,0
32,James_Blake,0
34,James_Blake,0
36,James_Blake,0
38,James_Blake,0
40,James_Blake,0
0,James_Kelly,0
2,James_Kelly,0
4,James_Kelly,0
6,James_Kelly,0
8,James_Kelly,0
10,James_Kelly,0
12,James_Kelly,0
14,James_Kelly,0
16,James_Kelly,0
18,James_Kelly,0
20,James_Kelly,0
22,James_Kelly,0
24,James_Kelly,0
26,James_Kelly,0
28,James_Kelly,0
30,James_Kelly,0
32,James_Kelly,0
34,James_Kelly,0
36,James_Kelly,0
38,James_Kelly,0
40,James_Kelly,0
0,James_Wolfensohn,0
2,James_Wolfensohn,0
4,James_Wolfensohn,0
6,James_Wolfensohn,0
8,James_Wolfensohn,0
10,James_Wolfensohn,0
12,James_Wolfensohn,0
14,James_Wolfensohn,0
16,James_Wolfensohn,0
18,James_Wolfensohn,0
20,James_Wolfensohn,0
22,James_Wolfensohn,0
24,James_Wolfensohn,0
26,James_Wolfensohn,0
28,James_Wolfensohn,0
30,James_Wolfensohn,0
32,James_Wolfensohn,0
34,James_Wolfensohn,0
36,James_Wolfensohn,0
38,James_Wolfensohn,0
40,James_Wolfensohn,0
0,Jan_Ullrich,0
2,Jan_Ullrich,0
4,Jan_Ullrich,0
6,Jan_Ullrich,0
8,Jan_Ullrich,0
10,Jan_Ullrich,0
12,Jan_Ullrich,0
14,Jan_Ullrich,0
16,Jan_Ullrich,0
18,Jan_Ullrich,0
20,Jan_Ullrich,0
22,Jan_Ullrich,0
24,Jan_Ullrich,0
26,Jan_Ullrich,0
28,Jan_Ullrich,0
30,Jan_Ullrich,0
32,Jan_Ullrich,0
34,Jan_Ullrich,0
36,Jan_Ullrich,0
38,Jan_Ullrich,0
40,Jan_Ullrich,0
0,Jason_Kidd,0
2,Jason_Kidd,0
4,Jason_Kidd,0
6,Jason_Kidd,0
8,Jason_Kidd,0
10,Jason_Kidd,0
12,Jason_Kidd,0
14,Jason_Kidd,0
16,Jason_Kidd,0
18,Jason_Kidd,0
20,Jason_Kidd,0
22,Jason_Kidd,0
24,Jason_Kidd,0
26,Jason_Kidd,0
28,Jason_Kidd,0
30,Jason_Kidd,0
32,Jason_Kidd,0
34,Jason_Kidd,0
36,Jason_Kidd,0
38,Jason_Kidd,0
40,Jason_Kidd,0
0,Javier_Solana,0
2,Javier_Solana,0
4,Javier_Solana,0
6,Javier_Solana,0
8,Javier_Solana,0
10,Javier_Solana,0
12,Javier_Solana,0
14,Javier_Solana,0
16,Javier_Solana,0
18,Javier_Solana,0
20,Javier_Solana,0
22,Javier_Solana,0
24,Javier_Solana,0
26,Javier_Solana,0
28,Javier_Solana,0
30,Javier_Solana,0
32,Javier_Solana,0
34,Javier_Solana,0
36,Javier_Solana,0
38,Javier_Solana,0
40,Javier_Solana,0
0,Jay_Garner,1
2,Jay_Garner,1
4,Jay_Garner,1
6,Jay_Garner,1
8,Jay_Garner,1
10,Jay_Garner,1
12,Jay_Garner,1
14,Jay_Garner,1
16,Jay_Garner,0
18,Jay_Garner,0
20,Jay_Garner,0
22,Jay_Garner,0
24,Jay_Garner,0
26,Jay_Garner,0
28,Jay_Garner,0
30,Jay_Garner,0
32,Jay_Garner,0
34,Jay_Garner,0
36,Jay_Garner,0
38,Jay_Garner,0
40,Jay_Garner,0
0,Jean-David_Levitte,1
2,Jean-David_Levitte,1
4,Jean-David_Levitte,1
6,Jean-David_Levitte,1
8,Jean-David_Levitte,1
10,Jean-David_Levitte,1
12,Jean-David_Levitte,1
14,Jean-David_Levitte,1
16,Jean-David_Levitte,1
18,Jean-David_Levitte,1
20,Jean-David_Levitte,1
22,Jean-David_Levitte,0
24,Jean-David_Levitte,0
26,Jean-David_Levitte,0
28,Jean-David_Levitte,0
30,Jean-David_Levitte,0
32,Jean-David_Levitte,0
34,Jean-David_Levitte,0
36,Jean-David_Levitte,0
38,Jean-David_Levitte,0
40,Jean-David_Levitte,0
0,Jean-Pierre_Raffarin,0
2,Jean-Pierre_Raffarin,0
4,Jean-Pierre_Raffarin,0
6,Jean-Pierre_Raffarin,0
8,Jean-Pierre_Raffarin,0
10,Jean-Pierre_Raffarin,0
12,Jean-Pierre_Raffarin,0
14,Jean-Pierre_Raffarin,0
16,Jean-Pierre_Raffarin,0
18,Jean-Pierre_Raffarin,0
20,Jean-Pierre_Raffarin,0
22,Jean-Pierre_Raffarin,0
24,Jean-Pierre_Raffarin,0
26,Jean-Pierre_Raffarin,0
28,Jean-Pierre_Raffarin,0
30,Jean-Pierre_Raffarin,0
32,Jean-Pierre_Raffarin,0
34,Jean-Pierre_Raffarin,0
36,Jean-Pierre_Raffarin,0
38,Jean-Pierre_Raffarin,0
40,Jean-Pierre_Raffarin,0
0,Jean_Charest,0
2,Jean_Charest,0
4,Jean_Charest,0
6,Jean_Charest,0
8,Jean_Charest,0
10,Jean_Charest,0
12,Jean_Charest,0
14,Jean_Charest,0
16,Jean_Charest,0
18,Jean_Charest,0
20,Jean_Charest,0
22,Jean_Charest,0
24,Jean_Charest,0
26,Jean_Charest,0
28,Jean_Charest,0
30,Jean_Charest,0
32,Jean_Charest,0
34,Jean_Charest,0
36,Jean_Charest,0
38,Jean_Charest,0
40,Jean_Charest,0
0,Jean_Chretien,0
2,Jean_Chretien,0
4,Jean_Chretien,0
6,Jean_Chretien,0
8,Jean_Chretien,0
10,Jean_Chretien,0
12,Jean_Chretien,0
14,Jean_Chretien,0
16,Jean_Chretien,0
18,Jean_Chretien,0
20,Jean_Chretien,0
22,Jean_Chretien,0
24,Jean_Chretien,0
26,Jean_Chretien,0
28,Jean_Chretien,0
30,Jean_Chretien,0
32,Jean_Chretien,0
34,Jean_Chretien,0
36,Jean_Chretien,0
38,Jean_Chretien,0
40,Jean_Chretien,0
0,Jeb_Bush,0
2,Jeb_Bush,0
4,Jeb_Bush,0
6,Jeb_Bush,0
8,Jeb_Bush,0
10,Jeb_Bush,0
12,Jeb_Bush,0
14,Jeb_Bush,0
16,Jeb_Bush,0
18,Jeb_Bush,0
20,Jeb_Bush,0
22,Jeb_Bush,0
24,Jeb_Bush,0
26,Jeb_Bush,0
28,Jeb_Bush,0
30,Jeb_Bush,0
32,Jeb_Bush,0
34,Jeb_Bush,0
36,Jeb_Bush,0
38,Jeb_Bush,0
40,Jeb_Bush,0
0,Jelena_Dokic,0
2,Jelena_Dokic,0
4,Jelena_Dokic,0
6,Jelena_Dokic,0
8,Jelena_Dokic,0
10,Jelena_Dokic,0
12,Jelena_Dokic,0
14,Jelena_Dokic,0
16,Jelena_Dokic,0
18,Jelena_Dokic,0
20,Jelena_Dokic,0
22,Jelena_Dokic,0
24,Jelena_Dokic,0
26,Jelena_Dokic,0
28,Jelena_Dokic,0
30,Jelena_Dokic,0
32,Jelena_Dokic,0
34,Jelena_Dokic,0
36,Jelena_Dokic,0
38,Jelena_Dokic,0
40,Jelena_Dokic,0
0,Jennifer_Aniston,1
2,Jennifer_Aniston,1
4,Jennifer_Aniston,1
6,Jennifer_Aniston,1
8,Jennifer_Aniston,1
10,Jennifer_Aniston,1
12,Jennifer_Aniston,1
14,Jennifer_Aniston,0
16,Jennifer_Aniston,0
18,Jennifer_Aniston,0
20,Jennifer_Aniston,0
22,Jennifer_Aniston,0
24,Jennifer_Aniston,0
26,Jennifer_Aniston,0
28,Jennifer_Aniston,0
30,Jennifer_Aniston,0
32,Jennifer_Aniston,0
34,Jennifer_Aniston,0
36,Jennifer_Aniston,0
38,Jennifer_Aniston,0
40,Jennifer_Aniston,0
0,Jennifer_Capriati,0
2,Jennifer_Capriati,0
4,Jennifer_Capriati,0
6,Jennifer_Capriati,0
8,Jennifer_Capriati,0
10,Jennifer_Capriati,0
12,Jennifer_Capriati,0
14,Jennifer_Capriati,0
16,Jennifer_Capriati,0
18,Jennifer_Capriati,0
20,Jennifer_Capriati,0
22,Jennifer_Capriati,0
24,Jennifer_Capriati,0
26,Jennifer_Capriati,0
28,Jennifer_Capriati,0
30,Jennifer_Capriati,0
32,Jennifer_Capriati,0
34,Jennifer_Capriati,0
36,Jennifer_Capriati,0
38,Jennifer_Capriati,0
40,Jennifer_Capriati,0
0,Jennifer_Garner,0
2,Jennifer_Garner,0
4,Jennifer_Garner,0
6,Jennifer_Garner,0
8,Jennifer_Garner,0
10,Jennifer_Garner,0
12,Jennifer_Garner,0
14,Jennifer_Garner,0
16,Jennifer_Garner,0
18,Jennifer_Garner,0
20,Jennifer_Garner,0
22,Jennifer_Garner,0
24,Jennifer_Garner,0
26,Jennifer_Garner,0
28,Jennifer_Garner,0
30,Jennifer_Garner,0
32,Jennifer_Garner,0
34,Jennifer_Garner,0
36,Jennifer_Garner,0
38,Jennifer_Garner,0
40,Jennifer_Garner,0
0,Jennifer_Lopez,0
2,Jennifer_Lopez,0
4,Jennifer_Lopez,0
6,Jennifer_Lopez,0
8,Jennifer_Lopez,0
10,Jennifer_Lopez,0
12,Jennifer_Lopez,0
14,Jennifer_Lopez,0
16,Jennifer_Lopez,0
18,Jennifer_Lopez,0
20,Jennifer_Lopez,0
22,Jennifer_Lopez,0
24,Jennifer_Lopez,0
26,Jennifer_Lopez,0
28,Jennifer_Lopez,0
30,Jennifer_Lopez,0
32,Jennifer_Lopez,0
34,Jennifer_Lopez,0
36,Jennifer_Lopez,0
38,Jennifer_Lopez,0
40,Jennifer_Lopez,0
0,Jeong_Se-hyun,0
2,Jeong_Se-hyun,0
4,Jeong_Se-hyun,0
6,Jeong_Se-hyun,0
8,Jeong_Se-hyun,0
10,Jeong_Se-hyun,0
12,Jeong_Se-hyun,0
14,Jeong_Se-hyun,0
16,Jeong_Se-hyun,0
18,Jeong_Se-hyun,0
20,Jeong_Se-hyun,0
22,Jeong_Se-hyun,0
24,Jeong_Se-hyun,0
26,Jeong_Se-hyun,0
28,Jeong_Se-hyun,0
30,Jeong_Se-hyun,0
32,Jeong_Se-hyun,0
34,Jeong_Se-hyun,0
36,Jeong_Se-hyun,0
38,Jeong_Se-hyun,0
40,Jeong_Se-hyun,0
0,Jeremy_Greenstock,1
2,Jeremy_Greenstock,1
4,Jeremy_Greenstock,1
6,Jeremy_Greenstock,1
8,Jeremy_Greenstock,0
10,Jeremy_Greenstock,0
12,Jeremy_Greenstock,0
14,Jeremy_Greenstock,0
16,Jeremy_Greenstock,0
18,Jeremy_Greenstock,0
20,Jeremy_Greenstock,0
22,Jeremy_Greenstock,0
24,Jeremy_Greenstock,0
26,Jeremy_Greenstock,0
28,Jeremy_Greenstock,0
30,Jeremy_Greenstock,0
32,Jeremy_Greenstock,0
34,Jeremy_Greenstock,0
36,Jeremy_Greenstock,0
38,Jeremy_Greenstock,0
40,Jeremy_Greenstock,0
0,Jesse_Jackson,1
2,Jesse_Jackson,1
4,Jesse_Jackson,1
6,Jesse_Jackson,1
8,Jesse_Jackson,1
10,Jesse_Jackson,1
12,Jesse_Jackson,1
14,Jesse_Jackson,0
16,Jesse_Jackson,0
18,Jesse_Jackson,0
20,Jesse_Jackson,0
22,Jesse_Jackson,0
24,Jesse_Jackson,0
26,Jesse_Jackson,0
28,Jesse_Jackson,0
30,Jesse_Jackson,0
32,Jesse_Jackson,0
34,Jesse_Jackson,0
36,Jesse_Jackson,0
38,Jesse_Jackson,0
40,Jesse_Jackson,0
0,Jiang_Zemin,0
2,Jiang_Zemin,0
4,Jiang_Zemin,0
6,Jiang_Zemin,0
8,Jiang_Zemin,0
10,Jiang_Zemin,0
12,Jiang_Zemin,0
14,Jiang_Zemin,0
16,Jiang_Zemin,0
18,Jiang_Zemin,0
20,Jiang_Zemin,0
22,Jiang_Zemin,0
24,Jiang_Zemin,0
26,Jiang_Zemin,0
28,Jiang_Zemin,0
30,Jiang_Zemin,0
32,Jiang_Zemin,0
34,Jiang_Zemin,0
36,Jiang_Zemin,0
38,Jiang_Zemin,0
40,Jiang_Zemin,0
0,Jim_Furyk,0
2,Jim_Furyk,0
4,Jim_Furyk,0
6,Jim_Furyk,0
8,Jim_Furyk,0
10,Jim_Furyk,0
12,Jim_Furyk,0
14,Jim_Furyk,0
16,Jim_Furyk,0
18,Jim_Furyk,0
20,Jim_Furyk,0
22,Jim_Furyk,0
24,Jim_Furyk,0
26,Jim_Furyk,0
28,Jim_Furyk,0
30,Jim_Furyk,0
32,Jim_Furyk,0
34,Jim_Furyk,0
36,Jim_Furyk,0
38,Jim_Furyk,0
40,Jim_Furyk,0
0,Jimmy_Carter,0
2,Jimmy_Carter,0
4,Jimmy_Carter,0
6,Jimmy_Carter,0
8,Jimmy_Carter,0
10,Jimmy_Carter,0
12,Jimmy_Carter,0
14,Jimmy_Carter,0
16,Jimmy_Carter,0
18,Jimmy_Carter,0
20,Jimmy_Carter,0
22,Jimmy_Carter,0
24,Jimmy_Carter,0
26,Jimmy_Carter,0
28,Jimmy_Carter,0
30,Jimmy_Carter,0
32,Jimmy_Carter,0
34,Jimmy_Carter,0
36,Jimmy_Carter,0
38,Jimmy_Carter,0
40,Jimmy_Carter,0
0,Jiri_Novak,0
2,Jiri_Novak,0
4,Jiri_Novak,0
6,Jiri_Novak,0
8,Jiri_Novak,0
10,Jiri_Novak,0
12,Jiri_Novak,0
14,Jiri_Novak,0
16,Jiri_Novak,0
18,Jiri_Novak,0
20,Jiri_Novak,0
22,Jiri_Novak,0
24,Jiri_Novak,0
26,Jiri_Novak,0
28,Jiri_Novak,0
30,Jiri_Novak,0
32,Jiri_Novak,0
34,Jiri_Novak,0
36,Jiri_Novak,0
38,Jiri_Novak,0
40,Jiri_Novak,0
0,Joan_Laporta,0
2,Joan_Laporta,0
4,Joan_Laporta,0
6,Joan_Laporta,0
8,Joan_Laporta,0
10,Joan_Laporta,0
12,Joan_Laporta,0
14,Joan_Laporta,0
16,Joan_Laporta,0
18,Joan_Laporta,0
20,Joan_Laporta,0
22,Joan_Laporta,0
24,Joan_Laporta,0
26,Joan_Laporta,0
28,Joan_Laporta,0
30,Joan_Laporta,0
32,Joan_Laporta,0
34,Joan_Laporta,0
36,Joan_Laporta,0
38,Joan_Laporta,0
40,Joan_Laporta,0
0,Joe_Lieberman,0
2,Joe_Lieberman,0
4,Joe_Lieberman,0
6,Joe_Lieberman,0
8,Joe_Lieberman,0
10,Joe_Lieberman,0
12,Joe_Lieberman,0
14,Joe_Lieberman,0
16,Joe_Lieberman,0
18,Joe_Lieberman,0
20,Joe_Lieberman,0
22,Joe_Lieberman,0
24,Joe_Lieberman,0
26,Joe_Lieberman,0
28,Joe_Lieberman,0
30,Joe_Lieberman,0
32,Joe_Lieberman,0
34,Joe_Lieberman,0
36,Joe_Lieberman,0
38,Joe_Lieberman,0
40,Joe_Lieberman,0
0,John_Abizaid,0
2,John_Abizaid,0
4,John_Abizaid,0
6,John_Abizaid,0
8,John_Abizaid,0
10,John_Abizaid,0
12,John_Abizaid,0
14,John_Abizaid,0
16,John_Abizaid,0
18,John_Abizaid,0
20,John_Abizaid,0
22,John_Abizaid,0
24,John_Abizaid,0
26,John_Abizaid,0
28,John_Abizaid,0
30,John_Abizaid,0
32,John_Abizaid,0
34,John_Abizaid,0
36,John_Abizaid,0
38,John_Abizaid,0
40,John_Abizaid,0
0,John_Allen_Muhammad,1
2,John_Allen_Muhammad,1
4,John_Allen_Muhammad,1
6,John_Allen_Muhammad,1
8,John_Allen_Muhammad,1
10,John_Allen_Muhammad,1
12,John_Allen_Muhammad,1
14,John_Allen_Muhammad,1
16,John_Allen_Muhammad,1
18,John_Allen_Muhammad,1
20,John_Allen_Muhammad,0
22,John_Allen_Muhammad,0
24,John_Allen_Muhammad,0
26,John_Allen_Muhammad,0
28,John_Allen_Muhammad,0
30,John_Allen_Muhammad,0
32,John_Allen_Muhammad,0
34,John_Allen_Muhammad,0
36,John_Allen_Muhammad,0
38,John_Allen_Muhammad,0
40,John_Allen_Muhammad,0
0,John_Ashcroft,0
2,John_Ashcroft,0
4,John_Ashcroft,0
6,John_Ashcroft,0
8,John_Ashcroft,0
10,John_Ashcroft,0
12,John_Ashcroft,0
14,John_Ashcroft,0
16,John_Ashcroft,0
18,John_Ashcroft,0
20,John_Ashcroft,0
22,John_Ashcroft,0
24,John_Ashcroft,0
26,John_Ashcroft,0
28,John_Ashcroft,0
30,John_Ashcroft,0
32,John_Ashcroft,0
34,John_Ashcroft,0
36,John_Ashcroft,0
38,John_Ashcroft,0
40,John_Ashcroft,0
0,John_Bolton,0
2,John_Bolton,0
4,John_Bolton,0
6,John_Bolton,0
8,John_Bolton,0
10,John_Bolton,0
12,John_Bolton,0
14,John_Bolton,0
16,John_Bolton,0
18,John_Bolton,0
20,John_Bolton,0
22,John_Bolton,0
24,John_Bolton,0
26,John_Bolton,0
28,John_Bolton,0
30,John_Bolton,0
32,John_Bolton,0
34,John_Bolton,0
36,John_Bolton,0
38,John_Bolton,0
40,John_Bolton,0
0,John_Edwards,0
2,John_Edwards,0
4,John_Edwards,0
6,John_Edwards,0
8,John_Edwards,0
10,John_Edwards,0
12,John_Edwards,0
14,John_Edwards,0
16,John_Edwards,0
18,John_Edwards,0
20,John_Edwards,0
22,John_Edwards,0
24,John_Edwards,0
26,John_Edwards,0
28,John_Edwards,0
30,John_Edwards,0
32,John_Edwards,0
34,John_Edwards,0
36,John_Edwards,0
38,John_Edwards,0
40,John_Edwards,0
0,John_Howard,0
2,John_Howard,0
4,John_Howard,0
6,John_Howard,0
8,John_Howard,0
10,John_Howard,0
12,John_Howard,0
14,John_Howard,0
16,John_Howard,0
18,John_Howard,0
20,John_Howard,0
22,John_Howard,0
24,John_Howard,0
26,John_Howard,0
28,John_Howard,0
30,John_Howard,0
32,John_Howard,0
34,John_Howard,0
36,John_Howard,0
38,John_Howard,0
40,John_Howard,0
0,John_Kerry,0
2,John_Kerry,0
4,John_Kerry,0
6,John_Kerry,0
8,John_Kerry,0
10,John_Kerry,0
12,John_Kerry,0
14,John_Kerry,0
16,John_Kerry,0
18,John_Kerry,0
20,John_Kerry,0
22,John_Kerry,0
24,John_Kerry,0
26,John_Kerry,0
28,John_Kerry,0
30,John_Kerry,0
32,John_Kerry,0
34,John_Kerry,0
36,John_Kerry,0
38,John_Kerry,0
40,John_Kerry,0
0,John_Manley,1
2,John_Manley,1
4,John_Manley,1
6,John_Manley,1
8,John_Manley,1
10,John_Manley,1
12,John_Manley,0
14,John_Manley,0
16,John_Manley,0
18,John_Manley,0
20,John_Manley,0
22,John_Manley,0
24,John_Manley,0
26,John_Manley,0
28,John_Manley,0
30,John_Manley,0
32,John_Manley,0
34,John_Manley,0
36,John_Manley,0
38,John_Manley,0
40,John_Manley,0
0,John_McCain,0
2,John_McCain,0
4,John_McCain,0
6,John_McCain,0
8,John_McCain,0
10,John_McCain,0
12,John_McCain,0
14,John_McCain,0
16,John_McCain,0
18,John_McCain,0
20,John_McCain,0
22,John_McCain,0
24,John_McCain,0
26,John_McCain,0
28,John_McCain,0
30,John_McCain,0
32,John_McCain,0
34,John_McCain,0
36,John_McCain,0
38,John_McCain,0
40,John_McCain,0
0,John_Negroponte,1
2,John_Negroponte,1
4,John_Negroponte,1
6,John_Negroponte,1
8,John_Negroponte,1
10,John_Negroponte,1
12,John_Negroponte,0
14,John_Negroponte,0
16,John_Negroponte,0
18,John_Negroponte,0
20,John_Negroponte,0
22,John_Negroponte,0
24,John_Negroponte,0
26,John_Negroponte,0
28,John_Negroponte,0
30,John_Negroponte,0
32,John_Negroponte,0
34,John_Negroponte,0
36,John_Negroponte,0
38,John_Negroponte,0
40,John_Negroponte,0
0,John_Snow,1
2,John_Snow,1
4,John_Snow,1
6,John_Snow,1
8,John_Snow,1
10,John_Snow,1
12,John_Snow,1
14,John_Snow,1
16,John_Snow,1
18,John_Snow,1
20,John_Snow,0
22,John_Snow,0
24,John_Snow,0
26,John_Snow,0
28,John_Snow,0
30,John_Snow,0
32,John_Snow,0
34,John_Snow,0
36,John_Snow,0
38,John_Snow,0
40,John_Snow,0
0,John_Stockton,0
2,John_Stockton,0
4,John_Stockton,0
6,John_Stockton,0
8,John_Stockton,0
10,John_Stockton,0
12,John_Stockton,0
14,John_Stockton,0
16,John_Stockton,0
18,John_Stockton,0
20,John_Stockton,0
22,John_Stockton,0
24,John_Stockton,0
26,John_Stockton,0
28,John_Stockton,0
30,John_Stockton,0
32,John_Stockton,0
34,John_Stockton,0
36,John_Stockton,0
38,John_Stockton,0
40,John_Stockton,0
0,John_Travolta,1
2,John_Travolta,1
4,John_Travolta,1
6,John_Travolta,1
8,John_Travolta,1
10,John_Travolta,1
12,John_Travolta,1
14,John_Travolta,1
16,John_Travolta,1
18,John_Travolta,1
20,John_Travolta,1
22,John_Travolta,1
24,John_Travolta,1
26,John_Travolta,0
28,John_Travolta,0
30,John_Travolta,0
32,John_Travolta,0
34,John_Travolta,0
36,John_Travolta,0
38,John_Travolta,0
40,John_Travolta,0
0,Jon_Gruden,1
2,Jon_Gruden,0
4,Jon_Gruden,0
6,Jon_Gruden,0
8,Jon_Gruden,0
10,Jon_Gruden,0
12,Jon_Gruden,0
14,Jon_Gruden,0
16,Jon_Gruden,0
18,Jon_Gruden,0
20,Jon_Gruden,0
22,Jon_Gruden,0
24,Jon_Gruden,0
26,Jon_Gruden,0
28,Jon_Gruden,0
30,Jon_Gruden,0
32,Jon_Gruden,0
34,Jon_Gruden,0
36,Jon_Gruden,0
38,Jon_Gruden,0
40,Jon_Gruden,0
0,Jonathan_Edwards,0
2,Jonathan_Edwards,0
4,Jonathan_Edwards,0
6,Jonathan_Edwards,0
8,Jonathan_Edwards,0
10,Jonathan_Edwards,0
12,Jonathan_Edwards,0
14,Jonathan_Edwards,0
16,Jonathan_Edwards,0
18,Jonathan_Edwards,0
20,Jonathan_Edwards,0
22,Jonathan_Edwards,0
24,Jonathan_Edwards,0
26,Jonathan_Edwards,0
28,Jonathan_Edwards,0
30,Jonathan_Edwards,0
32,Jonathan_Edwards,0
34,Jonathan_Edwards,0
36,Jonathan_Edwards,0
38,Jonathan_Edwards,0
40,Jonathan_Edwards,0
0,Joschka_Fischer,0
2,Joschka_Fischer,0
4,Joschka_Fischer,0
6,Joschka_Fischer,0
8,Joschka_Fischer,0
10,Joschka_Fischer,0
12,Joschka_Fischer,0
14,Joschka_Fischer,0
16,Joschka_Fischer,0
18,Joschka_Fischer,0
20,Joschka_Fischer,0
22,Joschka_Fischer,0
24,Joschka_Fischer,0
26,Joschka_Fischer,0
28,Joschka_Fischer,0
30,Joschka_Fischer,0
32,Joschka_Fischer,0
34,Joschka_Fischer,0
36,Joschka_Fischer,0
38,Joschka_Fischer,0
40,Joschka_Fischer,0
0,Jose_Manuel_Durao_Barroso,0
2,Jose_Manuel_Durao_Barroso,0
4,Jose_Manuel_Durao_Barroso,0
6,Jose_Manuel_Durao_Barroso,0
8,Jose_Manuel_Durao_Barroso,0
10,Jose_Manuel_Durao_Barroso,0
12,Jose_Manuel_Durao_Barroso,0
14,Jose_Manuel_Durao_Barroso,0
16,Jose_Manuel_Durao_Barroso,0
18,Jose_Manuel_Durao_Barroso,0
20,Jose_Manuel_Durao_Barroso,0
22,Jose_Manuel_Durao_Barroso,0
24,Jose_Manuel_Durao_Barroso,0
26,Jose_Manuel_Durao_Barroso,0
28,Jose_Manuel_Durao_Barroso,0
30,Jose_Manuel_Durao_Barroso,0
32,Jose_Manuel_Durao_Barroso,0
34,Jose_Manuel_Durao_Barroso,0
36,Jose_Manuel_Durao_Barroso,0
38,Jose_Manuel_Durao_Barroso,0
40,Jose_Manuel_Durao_Barroso,0
